Text Files,Data Files,Audio Files,Video Files,eBook Files,3D Images,Raster Images,Vector Images,Camera Raw Image,Page Layouts,Spreadsheet Files,Database Files,Executable Files,Game Files,CAD Files,GIS Files,Web Files,Plugin Files,Font Files,System Files,Settings Files,Encoded Files,Compressed Files,Disk Images,Developer Files,Backup Files,Misc Files
.doc,.csv,.aif,.asf,.ibooks,.obj,.bmp,.ai,.dng,.indd,.xls,.db,.bat,.gam,.dwg,.kml,.asp,.plugin,.fnt,.dll,.ini,.hqx,.gz,.dmg,.pl,.bak,.msi
.log,.dat,.m4a,.avi,.azw,.3ds,.gif,.eps,.rw2,.pct,.xlsx,.mdb,.cgi,.nes,.dxf,.kmz,.aspx,.crx,.fon,.ico,.cfg,.mim,.rar,.vcd,.cpp,.tmp,.ics
.rtf,.pps,.mid,.mp4,.epub,.3dm,.jpg,.svg,.arw,.pdf,.xlr,.sql,.exe,.dem,.idw,.gpx,.cer,.xll,.ttf,.lnk,.prf,.uue,.zip,.iso,.vb,.old,.torrent
.txt,.ppt,.mp3,.mpg,.mobi,.max,.png,.ps,.srf,.dot,.gsheet,.dbf,.jar,.sav,.tcw,.ov2,.css,.xpi,.otf,.drv,.zap,.enc,.cbr,.cue,.c,.bkp,.part
.wpd,.tar,.wav,.mov,.azw1,.shp,.psd,.vsd,.nef,.mdi,.tmv,.pdb,.com,.rom,.dgn,.shp,.htm,.bundle,.woff2,.sys,.inf,.asc,.pkg,.mdf,.java,.nbk,.crdownload
.msg,.xml,.wma,.rm,.lrf,.blend,.tiff,.cdr,.cr2,.pmd,.qpw,.accdb,.app,.b,.catpart,.mxd,.html,.avx,.woff,.cab,.mst,.locky,.7z,.toast,.fla,.gho,.dbx
.wps,.ged,.iff,.swf,.tpz,.ma,.tga,.cgm,.bay,.pub,.xltx,.adp,.wsf,.n64,.pln,.gml,.js,.arx,.gdr,.cur,.plist,.odin,.sitx,.bin,.h,.bup,.key
.tex,.vcf,.m3u,.wmv,.acsm,.vue,.tif,.drw,.3fr,.qxp,.ods,.tps,.gadget,.smc,.iam,.saf,.php,.plugin,.pfr,.cpl,.rdf,.ykcol,.deb,.img,.class,.001,.lic
.odt,.key,.mpa,.vob,.lit,.br5,.dds,.emf,.rwl,.fm,.xltm,.fp7,.apk,.gba,.ipt,.sdf,.jsp,.acroplugin,.compositefont,.dmp,.prx,.krab,.rpm,.nrg,.py,.nbu,.sis
.pages,.pptx,.dss,.flv,.azw3,.skp,.thm,.xar,.srw,.dotx,.xlsb,.pdb,.vbs,.vtf,.vwx,.dt1,.cfm,.vbox-extpack,.sfd,.icns,.csf,.gdcb,.zipx,.ccd,.dtd,.asd,.mso
.docx,.tax2016,.midi,.srt,.prc,.sdb,.pspimage,.emz,.cxi,.inx,.nb,.mdf,.cmd,.tor,.sat,.mwx,.xhtml,.mox,.fot,.deskthemepack,.psf,.bin,.tar.gz,.img,.xcodeproj,.fbw,.pgp
.sig,.tax2018,.ram,.3gp,.fb2,.stp,.yuv,.cvx,.fff,.ppp,.numbers,.frm,.prg,.bif,.stl,.nmf,.rss,.aaxplugin,.tfm,.hlp,.icc,.mime,.sit,.cdi,.lua,.tlg,.crd
.wpt,.sdf,.cda,.3g2,.kfx,.lws,.heic,.graffle,.rwz,.xps,.wks,.te,.ws,.pk3,.ckd,.pmf,.dcr,.vst3,.vfb,.swp,.rdp,.uu,.bz,.vhd,.sh,.nba,.opdownload
.eml,.keychain,.mod,.m4v,.azw4,.lwo,.jpeg,.plt,.ari,.rels,.aws,.sqlite,.ms,.wad,.edrw,.fmv,.csr,.xla,.t65,.msp,.properties,.xxe,.bz2,.nri,.cs,.dba,.db
.bib,.mpp,.ogg,.mpeg,.apnx,.dae,.max,.hpl,.k25,.isd,.pmvx,.dsn,.mel,.nds,.hcp,.fmw,.asmx,.ppa,.pmt,.reg,.gmw,.mme,.tgz,.vmdk,.m,.dbk,.dat
.lst,.opju,.snd,.avs,.htmlz,.fbx,.dib,.fxg,.eip,.idml,.fods,.cdb,.exe,.xex,.nc,.sbn,.dwt,.mda,.odttf,.theme,.ica,.spdf,.mpkg,.vdi,.sln,.mddata,.nwp
.abw,.pfc,.omf,.pds,.vbk,.u3d,.jpx,.svgz,.iiq,.qxb,.pmdx,.sqlitedb,.ipa,.mdl,.catproduct,.3dc,.chm,.mde,.ufo,.scr,.vmx,.axx,.war,.pvm,.vcxproj,.mdinfo,.md5
.wps,.pst,.amr,.vro,.mart,.mb,.dpx,.cdd,.mef,.wwf,.uos,.ora,.xap,.mpq,.prt,.osm,.crt,.fmx,.amfm,.prf,.conf,.bhx,.alz,.mdx,.swift,.arc,.ctf
.sty,.nbp,.ape,.mkv,.tcr,.dwf,.psp,.cdmm,.sr2,.book,.numbers-tef,.qvd,.ahk,.sqf,.shx,.mif,.jspx,.8ba,.acfm,.scf,.dbb,.dc4,.cbz,.dmgpart,.ocx,.orig,.toc
.fdx,.trk,.flac,.sqz,.fkb,.fpf,.ppm,.asy,.raw,.pcl,.xar,.mwb,.wiz,.w3m,.dxe,.tab,.wml,.8bi,.pfb,.ani,.style,.afp,.sfx,.ecm,.md,.nbd,.csh
.dwd,.pcr,.ptx,.rmvb,.phl,.lnd,.cpt,.vsdx,.kdc,.hfd,.edx,.fmp12,.paf.exe,.w3x,.dst,.aqm,.p12,.8bs,.pfa,.sdb,.thmx,.shy,.pet,.disc,.erb,.sbu,.mtd
.wtt,.t10,.sib,.smil,.ncx,.iv,.jp2,.cddz,.dcr,.hft,.ncss,.sas7bdat,.ps1,.wz,.ldt,.adf,.webarchive,.8bx,.ttc,.fpbf,.themepack,.efl,.iadproj,.xva,.pas,.obk,.vbt
.err,.sps,.m4b,.dvr-ms,.cebx,.chr,.mng,.wmf,.orf,.hpd,.gnumeric,.db.crypt8,.xbap,.map,.dlx,.dlg,.atom,.aip,.pfm,.wdgt,.tscproj,.sef,.arc,.omg,.gfar,.ptb,.avastlic
.unx,.qvw,.dcf,.prproj,.opf,.br6,.sdr,.wpg,.pef,.hpt,.gnm,.crypt12,.celx,.package,.dra,.mps,.nzb,.ny,.dfont,.pfx,.wfc,.cpio,.sea,.ex01,.src,.msim,.montage
.ans,.lib,.cpr,.divx,.ebk,.b3d,.sid,.hgl,.raf,.dtx,.cell,.db.crypt12,.cel,.iwd,.jbc,.jpw,.jnlp,.rhp,.bdf,.profile,.stb,.bfa,.z,.dsk,.rbw,.jps,.storymill
.lwp,.tsv,.aa,.bik,.bkk,.mxs,.xcf,.dxb,.mrw,.cdf,.ogwu,.fpt,.ear,.bsp,.nwd,.tfw,.htaccess,.ecf,.suit,.bash_history,.ctb,.hex,.ace,.vc4,.xsd,.quicken2017backup,.idx
.text,.m,.acd,.bin,.ybk,.flt,.pictclipping,.hpgl,.cr3,.cst,.edxz,.wdb,.jsf,.gcf,.nwf,.xol,.opml,.ax,.xfn,.bashrc,.ste,.pdc,.gzip,.dms,.nib,.ori,.mgt
.asc,.clp,.vpr,.mts,.mbp,.a2c,.dcm,.dcs,.x3f,.gdoc,.123,.maq,.ex5,.bms,.xise,.tfrd,.wsdl,.x32,.afm,.bash_profile,.acrobatsecuritysettings,.ccf,.lha,.adf,.yml,.oeb,.!bt
.dvi,.xfdf,.nbs,.swi,.tr3,.facefx,.thm,.cil,.mos,.gslides,.rdf,.mav,.wpm,.pgn,.rtd,.wor,.json,.mxp,.euf,.elf,.application,.rzk,.pak,.gi,.rb,.qic,.cls
.p7s,.hdf,.slp,.scm,.rzb,.daz,.hdp,.odg,.erf,.ltf,.sxc,.ade,.ipf,.unf,.a2l,.gst,.wgt,.component,.vlw,.edj,.appref-ms,.mse,.pf,.ima,.pch,.bup,.rwz
.nfo,.roadtrip,.trak,.yuv,.rzs,.dsf,.abm,.sxd,.nrw,.fcdt,.sdc,.dbt,.workflow,.sm,.phj,.rgn,.ucf,.xpt,.ytf,.group,.c2r,.dcf,.c01,.image,.dpr,.bdb,.partial
.ott,.mdj,.pls,.vf,.tk3,.mdd,.pxm,.cvi,.j6i,.spub,.xlsm,.pan,.scr,.udk,.tcp,.ptm,.xfdl,.xlam,.gxf,.nb0,.cva,.dco,.piz,.daa,.res,.xlk,.wlx
.sxw,.contact,.ptf,.ts,.lrx,.lxo,.cpg,.cv5,.crw,.lbl,.ots,.pnz,.hta,.sims3pack,.tcd,.ptt,.alx,.ppam,.etx,.pck,.obi,.fsm,.r01,.tc,.dproj,.bck,.sis.dm
.sdw,.menc,.aa3,.veg,.lrs,.cgfx,.wbz,.fh9,.mfw,.t2d,.pmd,.fic,.xlm,.gbx,.scdoc,.est,.qbo,.mtx,.abf,.bcd,.utz,.dlc,.pae,.uif,.vcproj,.nco,.sisx.dm
.utf8,.ndx,.m4r,.mod,.etd,.cg,.wbc,.fs,.cs1,.ao,.pmv,.ib,.csh,.scs,.ms14,.stt,.axd,.8bf,.pk,.prop,.hme,.dcd,.zfsendtotarget,.d64,.vdproj,.wbk,.nomedia
.diz,.wab,.caf,.imovieproj,.dnl,.ccp,.pvr,.pd,,.cdoc,.ogw,.ask,.fxp,.unity,.mp14,.avl,.att,.xlv,.gf,.pwl,.clg,.cpt,.package,.x64,.gs,.abk,.mfil
.rtfd,.odp,.nki,.xvid,.oebzip,.duf,.dt2,.plt,,.pzfx,.wr1,.nsf,.jse,.unity3d,.gds,.apr,.pac,.milk,.mf,.kext,.xtodvd,.suf,.uha,.t64,.as,.qbx,.exd
.mbox,.ppf,.logicx,.fbr,.cbc,.fun,.itc2,.vst,,.p65,.hcdt,.dbc,.vbe,.scn,.igs,.style,.spc,.mde,.cha,.vxd,.ngrr,.switch,.cp9,.bwi,.hpp,.qbb,.pdpcomp
.rtd,.vdf,.ptxt,.bsf,.pml,.pmx,.ipx,.cmx,,.qxd,.wks,.dcx,.wsh,.osz,.dst,.dt2,.asax,.net,.txf,.idx,.rmskin,.ync,.rte,.lcd,.gmk,.rrr,.olb
.readme,.bvp,.rns,.ogv,.pmlz,.3mf,.afx,.drw,,.rmr,.tmvt,.scx,.rox,.rep,.hus,.dt0,.xhtm,.flt,.lwfn,.nt,.fetchmirror,.bpw,.xef,.bwt,.pod,.mem,.qxl
.kon,.rp,.nra,.f4v,.orb,.x3g,.jps,.tlc,,.gem,.stc,.p96,.rgs,.bzw,.mhs,.at5,.a5w,.mfx,.ffil,.key,.dcp,.emc,.pwa,.vcd,.iml,.tbk,.frm
.fpt,.qb2011,.emp,.trp,.pobi,.amf,.pspbrush,.scv,,.prn,.dfg,.p97,.vbscript,.bsb,.fpd,.ssf,.fcgi,.qtr,.vnf,.kbd,.qrc,.snk,.lnx,.md1,.vbproj,.llx,._sys.lfo
.frt,.svf,.emx,.stx,.han,.3df,.tif,.dpr,,.indt,.fp,.$er,.pyc,.w3n,.fnc,.imi,.cshtml,.qtx,.eot,.msc,.ase,.mjd,.s7z,.p01,.dex,.oyx,.jcw
.lbt,.jnt,.amz,.rcproject,.ea,.off,.mpo,.dpp,,.dcx,._xlsx,.dp1,.pyo,.upk,.gbx,.axe,.hype,.8li,.tte,.cnt,.idpp,.bvd,.dar,.pdi,.r,.abbu,.ldb
.lst,.rpt,.acm,.hdmov,.eal,.ply,.skm,.cvg,,.dotm,._xls,.kdb,.fky,.pcc,.asm,.img,.freeway,.vdf,.glif,.pol,.ps1xml,.cng,.dgc,.vaporcd,.rexx,.bak,.tfil
.mnt,.mph,.afc,.mxf,.nva,.nif,.mxi,.pl,,.xif,.mar,.nyf,.app,.masseffectprofile,.dft,.pix,.obml16,.m2p,.xft,.hhc,.wfp,.gxk,.gca,.pxi,.cp,.bkf,.dic
.pjt,.tbk,.dmse,.moi,.aep,.pz3,.wb2,.fig,,.max,.fm,.edb,.mpx,.masseffectsave,.pla,.mxt,.url,.vst,.sfp,.hhk,.mmp,.kde,.hki,.fcd,.pas,.skb,.chk
.sct,.tt13,.dmsa,.dream,.qmk,.crz,.fppx,.slddrt,,.hmk,.bks,.itw,.app,.pcsav,.lcf,.mpk,.htx,.dfp,.f3f,.manifest,.wcx,.meo,.hki1,.vdi,.groupproj,.rdb,.cml
.vct,.t16,.at3,.wtv,.oeb,.pp2,.clip,.design,,.dpd,.dis,.sdb,.js,.sav,.cam,.nmc,.vrml,.bav,.nftr,.mdmp,.mycolors,.cef,.hki2,.ibp,.csproj,.bkc,.mdw
.dne,.tt18,.mxl,.tix,.pef,.xsi,.pgm,.rdl,,.sbk,.nmbtemplate,.dbv,.pwc,.rez,.flx,.sxd,.shtml,.amx,.mxf,.ion,.vmc,.psw6,.hki3,.ibq,.gem,.v2i,.glink
.rpt,.in,.seq,.psh,.webz,.tcn,.pdd,.sk2,,.ola,.12m,.sdb,.xqt,.vpk,.sldasm,.3dd,.rt,.amxx,.mcf,.pdr,.aux,.zps,.ice,.eda,.trx,.iv2i,.shs
.doc,.xrdml,.pcast,.wlmp,.edn,.3da,.art,.hpg,,.zno,.ast,.fdb,.a6p,.sims3,.sldprt,.lpk,.shtm,.fs,.pcf,.prefpane,.vbox,.aes,.kgb,.ede,.ise,.fbf,.sfv
.xy3,.cel,.acd-zip,.cpi,.tr,.hip,.tex,.fh10,,.xdw,.def,.4dd,.vdo,.bgl,.slddrw,.hgt,.web,.dpm,.chr,.odex,.osdx,.aep,.paq6,.edk,.mshc,.rbc,.sdr
.xyp,.qbw,.rx2,.dmsm,.htz5,.hipnc,.pcx,.fh11,,.sp,.xl,.pdm,.wcm,.ssc,.lin,.fmi,.adr,.ape,.fea,.pnf,.ins,.scb,.paq7,.eds,.asc,.001,.tlb
.xyw,.xfd,.gpx,.m2p,.bpnueb,.mp,.sct,.vml,,.afp,.dex,.xdb,.ac,.dat,.mc9,.fme,.oth,.oxt,,.desklink,.cnf,.htpasswd,.qda,.edv,.resx,.gb1,.kwm
.pwi,.adt,.ftm,.bdm,.htxt,.3dx,.rle,.epsf,,.psg,.wki,.ihx,.ebm,.sc2map,.mcx,.fds,.do,.scm,,.mapimail,.icst,.klq,.sqx,.eui,.msix,.backupdb,.cch
.safetext,.ii,.m3u8,.dvdmedia,.ceb,.sto,.pic,.mgcb,,.xsn,.wq1,.rsd,.acr,.sc2save,.dgb,.ffs,.cha,.inx,,.mydocs,.kys,.crypt,.lzma,.gkh,.fs,.fbk,.pkpass
.lis,.id2,.als,.dzm,.html0,.meb,.pict,.vbr,,.cld,.wq2,.trc,.scpt,.sc2replay,.pc6,.div,.chat,.wlz,,.sqm,.gid,.safe,.zz,.td0,.fsx,.sqb,.odf
.utxt,.spv,.amxd,.dzp,.snb,.br4,.cin,.cdmt,,.cph,.xlshtml,.lgc,.applescript,.sc2assets,.pc7,.dix,.wrf,.zxp,,.adm,.synw-proj,.enx,.par,.partimg,.fsproj,.bckp,.tpl
.charset,.wdf,.sesx,.camproj,.koob,.c4d,.pcd,.cdmtz,,.lab,.xlthtml,.eco,.u3p,.sc2mod,.tcd,.gpf,.pem,.safariextz,,.msstyles,.ipcc,.tar.md5,.par2,.mds,.pro,.uci,.downloading
.strings,.blg,.aac,.r3d,.htz4,.des,.ras,.cdmz,,.dtp,.fcs,.ecx,.pex,.erf,.ard,.aux,.webloc,.dlu,,.sys,.reg,.esf,.ar,.i00,.sdef,.paq,.sdx
.wpa,.t09,.aiff,.aepx,.ava,.wrp,.pbm,.csy,,.comicdoc,.xlsmhtml,.udb,.scar,.crp,.dc,.rrd,.download,.eaz,,.mui,.xlb,.iwa,.dist,.i01,.ftl,.spg,.pn
.wpd,.gpi,.ra,.webm,,.3dl,.fpx,.xmmap,,.fd2,.imp,.myd,.isu,.bo3,.dcd,.cub,.rwp,.dbx,,.hdmp,.fxp,.jks,.lbr,.i02,.v,.ful,.p7m
.klg,.out,.a2i,.edl,,.cr2,.vss,.mp,,.opd,.ess,.itdb,.prc,.chd,.fcw,.3dl,.wdgt,.xnt,,.saver,.ops,.ks,.lqr,.md0,.vtm,.bpa,.wrts
.klg,.xsl,.sng,.ale,,.anm,.fits,.dia,,.cd2,.wku,.ndf,.seed,.zip,.tct,.grb,.rhtml,.fmplugin,,.htt,.nsx,.jceks,.f,.md1,.psm1,.sna,.upg
.etf,.xslt,.au,.avp,,.v3d,.jpc,.sketch,,.csd,.wkq,.sdf,.gpe,.esm,.spt,.mdc,.xul,.ibplugin,,.pk2,.bs7,.viivo,.lzo,.md2,.rkt,.sn1,.jcl
.docm,.3dr,.wave,.fcproject,,.bip,.csf,.wmz,,.sdt,,.adb,.gpu,.dek,.g,.osc,.xpd,.nbm,,.savedsearch,.3dl,.eslock,.rz,.xmd,.exp,.sn2,.mthd
.xdl,.rvt,.mmpz,.ismv,,.zt,.pov,.igx,,.biz,,.usr,.bin,.ipl,.ics,.msd,.ascx,.cleo,,.nfo,.wmz,.pwv,.ipk,.st,.m,.ipd,.cerber3
.xdl,.moho,.voc,.ism,,.p3d,.sup,.gstencil,,.ppx,,.cdb,.frs,.gbc,.psm,.rst,.zvz,.bblm,,.ppd,.wms,.plp,.pbi,.tzx,.pbxuser,.ghs,.hmx
.fdr,.mcdx,.vsqx,.otrkey,,.pzz,.rif,.mgmf,,.snp,,.cdb,.jsx,.cbv,.prt,.vct,.mht,.tmbundle,,.hpj,.set,.jmc,.pup,.tib,.pbxproj,.fbc,.pes
.scw,.t12,.rmi,.snagproj,,.pz2,.ncd,.mgmx,,.bro,,.db3,.air,.mcworld,.t3001,.vdc,.idc,.accda,,.icl,.atn,.xmdx,.jic,.isz,.mm,.fbk,.cache
.tab,.rox,.aifc,.dash,,.p2z,.xpm,.ufr,,.pfl,,.gwi,.kix,.sami,.prt,.wld,.asa,.avx,,.mum,.asl,.jmcx,.r00,.wim,.as3proj,.rbf,.bpdx
.chord,.sc45,.fdp,.ntp,,.ppz,.pat,.tne,,.bcf,,.hdb,.action,.dnf,.model,.wlx,.hxs,.sparc,,.wgz,.fc,.nc,.efw,.cso,.wixproj,.rbs,.msf
.xwp,.tt10,.mp2,.bk2,,.mc5,.ithmb,.pat,,.mfp,,.mpd,.icd,.dns,.drwdot,.svx,.zfo,.p,,.cgz,.mtf,.zepto,.ecs,.ixa,.jspf,.nbf,.dsc
.idx,.t11,.s3m,.dv,,.mc6,.djvu,.idea,,.mft,,.odb,.script,.mcapm,.dfx,.sdw,.mhtml,.spd,,.cpi,.dsw,.zzzzz,.pup,.sqfs,.xq,.fbu,.tdl
.bib,.enl,.xm,.flc,,.mcz,.j2c,.gdraw,,.mfo,,.marshal,.mcr,.ibt,.gxd,.bil,.p7b,.cmp,,.ko,.iss,.cerber,.vsi,.dvd,.bbprojectd,.qsf,.hlx
.sgm,.enex,.kar,.fli,,.hr2,.msp,.lmk,,.bcp,,.accdt,.dld,.minesweepersave-ms,.gxc,.fit,.dhtml,.alp,,.etl,.l4d,.cerber2,.sh,.bwa,.dcproj,.wjf,.gp4
.kwd,.qb2012,.8svx,.dir,,.hrz,.psf,.dhs,,.btw,,.udl,.elf,.pck,.gcd,.glb,.xht,.rplib,,.log2,.eqp,.xtbl,.shr,.bws,.pbj,.onepkg,.vpc7
.lp2,.iba,.mpc,.dxr,,.lt2,.psb,.artb,,.qdf,,.sis,.hms,.wotreplay,.jt,.gsm,.gne,.mxaddon,,.log1,.eql,.ddoc,.mint,.flp,.playground,.mbf,.sft
.boc,.adcp,.h4b,.asx,,.ltz,.awd,.drawing,,.pa,,.sqlite3,.mxe,.bejeweled2deluxesavedgame,.dwfx,.gsb,.jhtml,.vsix,,.evt,.std,.cdoc,.s00,.adz,.proto,.dna,.cxf
.knt,.h13,.fpa,.ifo,,.cm2,.ota,.ep,,.zdp,,.adf,.mrc,.zblorb,.vtf,.gsi,.jws,.mmip,,.rmt,.scpresets,.pfile,.s01,.fdi,.markdown,.tdb,.clkk
.unauth,.quickendata,.minigsf,.svi,,.cmz,.jbr,.vsdm,,.ptx,,.alf,.iim,.splane,.123,.mid,.lasso,.zlb,,.mi4,.moef,.sdtid,.s02,.disk,.ccs,.aba,.clkt
.psw,.slx,.mtm,.viewlet,,.fc2,.pic,.vstx,,.rsm,,.dbs,.ecf,.compiled,.kit,.lan,.disco,.lrplugin,,.crash,.bitpim,.locked,.cpgz,.dax,.cbl,.qbm,.clkw
.ssa,.t13,.mdr,.wpl,,.fcz,.picnc,.vstm,,.mml,,.accde,.sca,.stencyl,.x_t,.ers,.discomap,.indesignplugin,,.clb,.cdrt,.wrypt,.c00,.bif,.cob,.nbi,.clkx
.rzk,.qb2013,.pca,.wmx,,.hd2,.nwm,.pen,,.cbf,,.accdr,.fas,.md2,.x_b,.rdf,.ognc,.aplg,,.iconpackage,.cskin,.pfo,.sfs,.mbi,.hh,.lcb,.ptr
.bean,.mjk,.smf,.wmd,,.hdz,.mix,.clarify,,.jtp,,.accdc,.vlx,.xci,.cad,.nv2,.vsdisco,.aplp,,.nls,.dbg,.wallet,.ipg,.cl5,.sqlproj,.qbk,.pando
.cyi,.usr,.fev,.3gpp,,.step,.bmc,.ezdraw,,.inds,,.dtsx,.rxe,.pss,.bdl,.rmp,.ap,.ccip,,.rfw,.fmt,.wncry,.0,.rcl,.bas,.sv2i,.pth
.ase,.gdt,.wrk,.3gp2,,.lxf,.qti,.egc,,.idms,,.dxl,.xys,.rxdata,.dlv,.atx,.rjs,.codaplugin,,.wdf,.tsk,.wlu,.pea,.sparseimage,.bcp,.stg,.bpl
.mell,.fmat,.cwp,.wvx,,.dff,.qtif,.snagstyles,,.incx,,.oqy,.plx,.usx,.neu,.geojson,.dll,.mode,,.mobileconfig,.sfo,.sjpg,.jgz,.sparsebundle,.cc,.sis,.bp2
.mellel,.prdx,.note,.nvc,,.vtx,.pe4,.snagitstamps,,.icml,,.spq,.fpi,.ut2,.sab,.sld,.con,.aaui,,.job,.vmx,.wcry,.lzm,.uibak,.inc,.kb2,.bp3
.fbl,.cma,.sd2,.ajp,,.vvd,.pe4,.cds,,.icap,,.vis,.ex4,.utx,.xv3,.gmap,.bml,.wll,,.mlc,.ams,.filebolt,.sar,.hdd,.twig,.adi,.rom
.luf,.efx,.cdlx,.dce,,.bro,.info,.wpi,,.idap,,.dcb,.qit,.umx,.cdl,.ttkgp,.saveddeck,.vsl,,.efi,.sol,.aurora,.hbc,.vmwarevm,.dcuil,.arc,.mnx
.lyx,.tax2015,.a2b,.ogm,,.bvh,.thumb,.afdesign,,.indl,,.db,.0xe,.unr,.dgk,.dmt,.aro,.module,,.wph,.ini,.sia,.apz,.gbi,.caproj,.qbmb,.dct
.sms,.ta8,.med,.m2v,,.csm,.agp,.mvg,,.rb4,,.qry,.mio,.uxx,.mcd,.tpx,.psp,.info,,.evtx,.msm,.xxx,.mzp,.b6i,.vbx,.qbmd,.mab
.mwp,.sav,.ftm,.eye,,.pl0,.wbmp,.esc,,.psr,,.daschema,.otm,.u,.ipn,.ocd,.dap,.wbm,,.admx,.rdo,.crypt,.ba,.b6t,.odl,.gbp,.cdf-ms
.tdf,.fcpevent,.5xb,.imovieproject,,.pl1,.mbm,.gvdesign,,.wpt,,.daconnections,.widget,.uc,.tc2,.csf,.wpp,.pim,,.diagcab,.ds_store,.edoc,.taz,.dxp,.gemspec,.aea,.dctmp
.tdf,.jrprint,.5xs,.mswmm,,.pl2,.tjp,.sketchpad,,.qpt,,.idb,.ex_,.mpm,.tc3,.jnx,.mspx,.skypechatstyle,,.webpnp,.bcmx,.adobe,.tz,.mrimg,.greenfoot,.icbu,.link
.rst,.liveupdate,.cwt,.mjp,,.p21,.px,.art,,.vp,,.nv2,.run,.ctx,.tcm,.segy,.woa,.asi,,.sbn,.mlk,.blower,.b64,.cdr,.vbp,.__b,.linx
.hht,.oeaccount,.h5s,.tivo,,.sh3d,.omf,.yal,,.indb,,.dacpac,.bin,.mahjongtitanssave-ms,.dws,.svp,.bok,.rev,,.blf,.lop,.dim,.tbz,.cfs,.wsc,.mdbackup,.imapmbox
.aim,.uwl,.bnk,.sbk,,.sh3f,.cpc,.fhd,,.flb,,.fmpsl,.phar,.gdi,.blk,.e00,.qf,.dlr,,.regtrans-ms,.ahl,.dime,.bzip,.wmt,.asm,.wbcat,.skindex
.rzn,.ovf,.rmx,.vdo,,.skl,.sig,.cag,,.4ui,,.accft,.cof,.qwd,.pwt,.gmf,.srf,.oiv,,.dat,.prf,.uud,.z01,.ashdisc,.f,.bff,.ftploc
.u3i,.tax2009,.swa,.izz,,.an8,.spp,.psid,,.mif,,.cpd,.out,.lmp,.dwt,.axt,.vbd,.lrmodule,,.lst,.ars,.spd,.xmcdz,.sdsk,.gmx,.ashbak,.inetloc
.ofl,.dif,.5xe,.izzy,,.kmc,.2bp,.otg,,.edrwx,,.ckp,.sbs,.bik,.dxx,.dem,.whtt,.sublime-package,,.shd,.nvc,.rzx,.sdc,.dbr,.xojo_project,.bak,.dr
.gsd,.tmx,.vox,.fcp,,.kmcobj,.cps,.std,,.mga,,.ddl,.ls,.pbp,.cpa,.cvi,.asr,.plw,,.spl,.cfg,.vlt,.rp9,.p2g,.gitignore,.sps,.drc
.lxfml,.pptm,.wax,.avb,,.egg,.prw,.cvs,,.wmga,,.kexi,.ebs2,.sfo,.ldr,.prm,.ashx,.plx,,.help,.vmtm,.efr,.vem,.p2i,.pyx,.crds,.sec
.hs,.ppsx,.cel,.aep,,.ms3d,.hdr,.cnv,,.fr3,,.gdb,.command,.sc4,.afd,.eta,.zhtml,.p64,,.dit,.sl,.efu,.cbt,.hfv,.nuspec,.tig,.skr
.lnt,.trs,.ang,.amv,,.llm,.hpi,.ddrw,,.fp3,,.nrmlib,.ms,.hit,.jvsg,.fbl,.esproj,.plx64,,.asec,.fcc,.clx,.lz,.sco,.wdp,.nfc,.snf
.gv,.mat,.smp,.d2v,,.fpe,.pxr,.mgs,,.clt,,.sdb,.beam,.hot,.sbp,.img,.epibrw,.wie,,.shsh,.icm,.rsdf,.ita,.e01,.nupkg,.nfb,.ing
.notes,.fdb,.mmf,.wcp,,.ldm,.cit,.ac5,,.zds,,.epim,.73k,.wal,.any,.gps,.lbc,.fwactionb,,.lpd,.profimail,.cgp,.dl_,.pgd,.ane,.srr,.vir
.qdl,.met,.sma,.sfvidcap,,.mdx,.blkrt,.ac6,,.avery,,.crypt8,.89k,.xbe,.ipf,.map,.rwsw,.bzplug,,.searchconnector-ms,.lh3d,.yenc,.mzp,.aff,.xcappdata,.fh,.fpfv
.crwl,.mdl,.sngx,.dat,,.mdl,.dvl,.sda,,.mcsp,,.xmlff,.btm,.vol,.dc2,.apl,.tvvi,.aex,,.library-ms,.ini,.b2a,.czip,.vfd,.ent,.abf,.wal
.gthr,.mw,.lso,.dpg,,.t3d,.spe,.gem,,.pdm,,.crypt9,.nexe,.age3sav,.dc3,.dmf,.tvpi,.8bf,,.hiv,.jws,.e4a,.tar.lzma,.vhdx,.rul,.acp,.wsz
.bdr,.grf,.flp,.tda3mt,,.fx,.jng,.gsd,,.cov,,.dlis,.azw2,.cgf,.ms11,.gws,.pub,.8bi8,,.pat,.srs,.chml,.cba,.vcx,.dgml,.ttbk,.vol
.bad,.vdb,.dvf,.pro,,.3dxml,.apng,.fh7,,.cpe,,.ns3,.msl,.xpk,.mp11,.sbn,.gsp,.8bl,,.sbf,.pvs,.pack,.b1,.vco,.cp,.trn,.xnk
.bdp,.fxp,.ics,.camrec,,.psk,.zif,.fh8,,.rlf,,.ns4,.scptd,.fml,.asy,.osb,.zul,.8by,,.cpr,.hd3d,.mnc,.7z.001,.hds,.cod,.vbox-prev,.jmx
.bna,.kdc,.rfl,.vp6,,.psa,.spr,.ft11,,.bro,,.fp5,.rfu,.love,.asc,.ngt,.aex,.ccx,,.itemdata-ms,.mgk,.bpk,.7z.002,.xdi,.config,.npf,.scw
.flr,.qb2009,.m4p,.vp7,,.exp,.agif,.fif,,.ifd,,.maf,.x86,.ycm,.rml,.jgw,.btapp,.cox,,.cat,.godot,.bsk,.egg,.hdi,.a2w,.nbs,.bfc
.mwd,.snag,.sprg,.m21,,.ifc,.jia,.cdx,,.dwdoc,,.mar,.mrp,.ips,.top,.rdc,.mvc,.dlo,,.zone.identifier,.drm,.vp,.psz,.avhd,.lbi,.nps,.rmh
.emulecollection,.not,.abc,.mp21,,.session,.pi2,.dsf,,.sjd,,.mas,.a7r,.pln,.topviw,.ref,.sitemap,.lng,,.lockfile,.downloadhost,.rdi,.bndl,.sub,.pkgdef,.002,.mdl
.ris,.mpx,.uax,.piv,,.xpr,.can,.fmv,,.cw,,.maw,.mm,.luxb,.ide,.smp,.browser,.plg,,.bin,.mailhost,.cryptra,.nex,.ibb,.jpr,.bbb,.mso
.textclipping,.sdf,.agr,.nsv,,.fxa,.pdn,.ded,,.cndx,,.mdt,.actc,.sqm,.idv,.gprx,.website,.pln,,.ius,.m2s,.sdoc,.cxarchive,.ciso,.jpx,.blend1,.bst
.hwp,.tax2010,.bww,.qtz,,.m3,.cd5,.svf,,.crtr,,.orx,.mam,.z64,.ipj,.3d,.swz,.prm,,.c32,.ski,.crypted,.layout,.pmf,.awk,.xbk,.xol
.template,.xpj,.act,.mqv,,.ive,.tg4,.ink,,.cl2arc,,.dqy,.ksh,.sud,.easm,.th,.p7c,.rez,,.aml,.ahs,.uea,.xar,.miniso,.m4,.flka,.8xp
.bzabw,.twb,.band,.rum,,.md5mesh,.dtw,.mmat,,.drmz,,.gdb,.pif,.j2l,.dra,.jpr,.awm,.rpm,,.fota,.mskn,.jcrypt,.gmz,.xvd,.f90,.flkb,.83p
.zabw,.cub,.vrf,.d3v,,.md5anim,.ptg,.cdt,,.webtheme,,.odb,.shb,.mca,.cnc,.jpgw,.obml,.api,,.2fs,.hid,.vdata,.smpf,.lx01,.for,.ab,.sisx
.sla,.mcd,.aud,.zmv,,.md5camera,.mpf,.cdx,,.webtemplate,,.dsk,.widget,.erb,.jam,.hdr,.maff,.mod,,.img3,.pmc,.pkey,.archiver,.wud,.mss,.dsb,.lwtp
.sla.gz,.stm,.sf2,.dvx,,.mtl,.wb1,.tpl,,.form,,.dct,.qpx,.v64,.nwc,.imd,.sites2,.flt,,.efires,.sw2,.lastlogin,.comppkg.hauptwerk.rar,.cif,.dsp,.cbu,.pla
.ltx,.cdx,.ma1,.smk,,.p3l,.cdg,.sk1,,.icmt,,.his,.sct,.eng,.prg,.gsr,.der,.atx,,.mtz,.bgi,.sdo,.asr,.smi,.mak,.cbs,.acl
.webdoc,.gcw,.4mp,.m1pg,,.sc4model,.mat,.ovr,,.env,,.cat,.rpj,.gen,.wdp,.gsr2,.crl,.kmm,,.h1s,.pip,.lcn,.tar.bz2,.nn,.rc,.pbd,.bc
.fdt,.dmsp,.mus,.tod,,.mrml,.pzp,.ovp,,.fax,,.sdb,.m3g,.wagame,.ise,.sp3,.webhistory,.colorpicker,,.drpm,.ast,.azs,.zw,.pqi,.dpkw,.bm3,.nth
.fdxt,.pjm,.dm,.ivr,,.vob,.jxr,.dpx,,.mrg,,.^^^,.paf,.xmb,.scad,.mgm,.webbookmark,.qlgenerator,,.inf_loc,.tdf,.azf,.libzip,.gcd,.scriptterminology,.sv$,.reloc
.fcf,.tax2011,.copy,.pmf,,.atm,.ppf,.smf,,.nud,,.wmdb,.spr,.xmb,.tbp,.nmap,.iwdgt,.fzip,,.ebd,.opt,.idea,.isx,.simg,.ap_,.pbj,.vor
.story,.itmsp,.wus,.vlab,,.fnc,.gim,.drawit,,.fadein,,.owc,.rbx,.mul,.edn,.bpw,.ewp,.aba,,.configprofile,.eqf,.sme,.sifz,.ratdvd,.rsrc,.pbf,.wba
.scriv,.u10,.wut,.m2ts,,.prv,.bm2,.ccx,,.anh,,.mud,.thm,.sfar,.edf,.gfw,.xbel,.tpi,,.provisionprofile,.a2m,.gfe,.voca,.dao,.spec,.pbx5script,.chw
.scrivx,.capt,.xfs,.m2t,,.veg,.ecw,.igt,,.pnh,,.4dl,.es,.elf,.cgr,.bt,.suck,.apl,,.idi,.chl,.keystore,.arduboy,.tao,.a,.dpb,.p2p
.xbdoc,.ncorx,.koz,.rv,,.pmd,.mnr,.abc,,.isaletemplate,,.sbf,.scb,.big,.hsf,.nm2,.stc,.nbp,,.escopy,.the,.enx,.xapk,.b5i,.o,.nbk,.gau
.aww,.edi,.koz,.wmmp,,.dif,.jb2,.af3,,.isale,,.btr,.fas,.pssg,.fz,.nm3,.edge,.lng,,.service,.ndc,.exc,.bdoc,.b5t,.so,.nbd,.ztf
.uot,.tt12,.csh,.zm1,,.tri,.pnm,.gtemplate,,.compositiontemplate,,.teacher,.ezt,.rgss3a,.123d,.mmz,.fwp,.jsxbin,,.ffa,.clr,.jmcp,.edz,.p01,.p,.bpn,.ztr
.kes,.pcapng,.uw,.zm2,,.fg,.gih,.ftn,,.imx,,.tmd,.vpm,.scn,.ngc,.mmm,.vbhtml,.hvpl,,.ffl,.ihw,.jmck,.pkg.tar.xz,.ncd,.eql,.tis,.thm
.njx,.ima,.ins,.zm3,,.ogf,.gbr,.awg,,.imtx,,.accdw,.upx,.w3g,.opj,.embr,.less,.pset,,.ffo,.ptf,.jmce,.rss,.000,.fxc,.bkz,.nss
.btd,.dsb,.syx,.tp,,.br7,.avatar,.mgtx,,.folio,,.rod,.zl9,.n3pmesh,.dsn,.usr,.a4p,.oex,,.ffx,.rpk,.jmcr,.vip,.ipf,.mdzip,.sns,.gg
.fodt,.h12,.txw,.flh,,.z3d,.s2mv,.mgmt,,.ap,,.rpd,.exopc,.mis,.pho,.gvsp,.pro,.osax,,.ins,.tsz,.sfi,.wdz,.d88,.gmd,.quickenbackup,.cp3
.pwd,.pj2,.musx,.mnv,,.jas,.exr,.glox,,.psproj,,.jtx,.vexe,.mis,.bit,.gtm,.codasite,.seplugin,,.grp,.blt,.acid,.tcx,.iso,.pyd,.vbk,.bc!
.cnm,.pro5plx,.akp,.msdvd,,.fig,.pmg,.xpr,,.pmx,,.rbf,.tcp,.scx,.ngd,.len,.muse,.abi,,.vga,.icd,.nxl,.whl,.atr,.tcl,.vrb,.mls
.pages-tef,.exif,.ams,.amx,,.cpy,.apd,.mgc,,.cwt,,.wrk,.ex_,.scx,.fcstd,.sbf,.an,.cdl,,.vgd,.mpt,.bc5b,.lpkg,.rdf,.tk,.backup,.jad
.qpf,.qb2014,.ams,.evo,,.cal,.skitch,.gls,,.mailstationery,,.trm,.actm,.grf,.skf,.sgy,.oam,.cvt,,.dss,.asef,.ppdf,.spd,.toc,.mpr,.dash,.psar
.sublime-project,.mmf,.ftmx,.axm,,.mat,.epp,.vec,,.comiclife,,.mrg,.asb,.tim,.sdg,.obf,.zhtml,.bro,,.dev,.tsm,.seb,.vpk,.tap,.pjx,.fpsx,.000
.sublime-workspace,.mpkt,.smpx,.mp21,,.maxc,.360,.cor,,.article,,.adb,.gs,.w3z,.brd,.cml,.vdw,.bri,,.ann,.nwv,.pxx,.y,.swm,.prg,.qba.tlg,.mrk
.gpd,.mdsx,.h5e,.m21,,.mix,.rpf,.cwt,,.publication,,.dadiagrams,.dxl,.isr,.fmz,.sdm,.nod,.brm,,.fts,.msn,.film,.lzh,.sdi,.qpr,.bakx,.tpm
.ipspot,.tax2013,.cdr,.mgv,,.xaf,.mrxs,.fh6,,.simp,,.dad,.mcr,.info,.fan,.fls,.sites,.xsiaddon,,.ftg,.gws,.stxt,.arj,.fdd,.pdm,.asv,.tpm
.md5.txt,.tdb,.dcm,.pxv,,.phy,.pns,.ssk,,.mtc,,.nv,.ebs,.j2i,.fzp,.wfd,.kit,.xba,,.bmk,.xtreme,.sxls,.dd,.flg,.dm1,.asvx,.mvi
.nb,.tdl,.dewf,.mtv,,.fry,.iwi,.stn,,.pgs,,.adn,.arscript,.vmf,.iso,.cor,.rflw,.pba,,.wer,.rts,.sxml,.zoo,.udf,.s,.ftmb,.diskdefines
.eio,.t18,.df2,.rdb,,.rcs,.kdi,.cdtx,,.mvd,,.db-shm,.e_e,.vcm,.rs,.mnh,.olp,.apd,,.sfcache,.look,.kxx,.bh,.ndif,.mk,.nbak,.mco
.pu,.quicken2015,.dfc,.hkm,,.crf,.pgf,.cdsx,,.mvdx,,.db-wal,.ita,.sims2pack,.pat,.map,.appcache,.mfw,,.msstyle,.vstpreset,.pdex,.xx,.img,.ex,.003,.ctg
.plantuml,.fmc,.mmp,.mvd,,.xrf,.webp,.cdlx,,.omp,,.cma,.n,.ba2,.rig,.477,.scss,.bkz,,.emerald,.growlticket,.pxf,.boo,.mir,.lnt,.quicken2015backup,.mmo
.zrtf,.qdf,.dig,.fbz,,.cmf,.gcdp,.jsl,,.caj,,.kexic,.coffee,.chk,.cddx,.pin,.hypetemplate,.qar,,.metadata_never_index,.blob,.bit,.lzx,.cdt,.def,.pvhd,.in
.nwp,.qb2017,.dig,.arf,,.xmf,.i3d,.qcc,,.fsd,,.kexis,.vxp,.dm2,.art,.smm,.hypesymbol,.spe,,.bom,.sss,.bip,.sdn,.gdrive,.bpg,.tibkp,.rjs
.fountain,.xdna,.dls,.mj2,,.cfg,.spj,.dsg,,.frdoc,,.abs,.8ck,.arch00,.pipe,.vec,.hyperesources,.epk2,,.xrm-ms,.uis,.scb,.c02,.afd,.dcu,.afi,.jc
.calca,.photoslibrary,.dmf,.vgz,,.caf,.fpos,.hvif,,.rwt,,.vpd,.kx,.cty,.pipd,.dvc,.fwtemplate,.fft,,.aos,.slt,.gzquar,.shar,.afm,.dfm,.dim,.cfl
.adoc,.fcs,.dsf,.swt,,.qc,.qmg,.ydr,,.rwt,,.abcddb,.epk,.nro,.psv,.sym,.fwtb,.tbp,,.8xu,.dolphinview,.signature,.pcv,.d00,.res,.rbf,.vpa
.bibtex,.quicken2017,.dsm,.rec,,.smd,.lif,.cdrapp,,.clkd,,.abx,.mlx,.p3t,.crv,.timestamp,.obml15,.rock,,.bio,.directory,.kkk,.puz,.d01,.dcp,.sme,.!ut
.rvf,.qmtf,.vsq,.vc1,,.rad,.pse,.gks,,.clkb,,.trc,.server,.mp2m,.rcd,,.br,.bmi,,.panic,.eum,.ecd,.r02,.volarchive,.dpk,.fwbackup,.imy
.tmdx,.tax2017,.dtm,.tpr,,.oct,.apx,.pws,,.clkc,,.crypt7,.rbf,.bin,.rsm,,.gsp,.xadd,,.mem,.vnc,.srf,.r03,.cdm,.bpl,.jpa,.shx
.fdf,.h17,.dwd,.smi,,.fsh,.tps,.zgm,,.xmt,,.crypt6,.mac,.0,.bbcd,,.mjs,.fsb,,.iptheme,.sif,.atsofts,.fdp,.imz,.dpl,.walletx,.hs
.bbs,.notebook,.gsflib,.roq,,.vsh,.psdx,.ink,,.cdml,,.crypt5,.tiapp,.idx0,.cyp,,.php3,.fzp,,.rco,.ovpn,.extr,.cpt,.wlz,.sb2,.cenon~,.nav2
.wp,.qfx,.ptm,.prel,,.mot,.colz,.ft7,,.pzf,,.rodx,.ncl,.idx255,.cdw,,.site,.lrwebengine,,.0,.qf,.ufr,.paq8,.mlc,.livecode,.lbf,.fdr
.tab,.uccapilog,.bwf,.qtl,,.srf,.spa,.ft8,,.consis,,.rod,.esh,.lmu,.bcd,,.phtml,.rwplugin,,.so.0,.xpaddercontroller,.kode,.rk,.hfs,.lproj,.quicken2016backup,.xlnk
.wri,.windowslivecontact,.pts,.mpv,,.drf,.sph,.ft9,,.scut4,,.flexolibrary,.dek,.lsw,.bxl,,.xws,.accdu,,.mbr,.atz,.wnry,.tbz2,.winclone,.framework,.mynotesbackup,.ebn
.wp4,.pdx,.rng,.wp3,,.prefab,.dm3,.ft10,,.fgc,,.nnt,.smm,.xen,.rdf,,.iqy,.xmd,,.adml,.skz,.mfs,.tlz,.pgx,.gorm,.dbk,.growlregdict
.wp5,.ptz,.dct,.vcv,,.x,.jbig2,.nap,,.studio3,,.jet,.wpk,.zst,.g3d,,.jcz,.sugar,,.cdmp,.cui,.btoa,.zix,.l01,.cxp,.bcm,.itc
.sam,.wb3,.gsm,.ncor,,.anim,.tpf,.pmg,,.flowchart,,.mfd,.mem,.srm,.ginspect_prj,,.svr,.rbz,,.gmmp,.comp,.fpenc,.rnc,.k3b,.bbc,.$db,.hex
.rtx,.prj,.efa,.tp0,,.anim,.myl,.af2,,.spl7,,.grdb,.tms,.ydr,.cnd,,.sht,.syn,,.diagcfg,.avs,.mcrp,.hbc2,.qcow,.hs,.jbk,.desktop
.ocr,.mwf,.efk,.gts,,.cmod,.pixadex,.pfd,,.book,,.lwx,.ezs,.dol,.czd,,.dbm,.mll,,.diagpkg,.pie,.hbx,.hbe,.qcow2,.lhs,.da0,.lrc
.cws,.aw,.efq,.dck,,.vp,.bss,.imd,,.smmx,,.nwdb,.ds,.lsd,.db1,,.ece,.rpi,,.printerexport,.fwt,.sgz,.gzi,.wbi,.has,.nb7,.jc!
.hz,.ofx,.efs,.vfz,,.fp,.pxd,.pobj,,.de,,.vvv,.pvd,.mcr,.act,,.qrm,.ppmod,,.ci,.nd,.lvivt,.sen,.hc,.lit,.rbf,.flf
.jis,.t08,.efv,.vdr,,.t3d,.tn,.pcs,,.gwb,,.db-journal,.udf,.vb,.pro,,.nxg,.wowsl,,.lpd,.dtsconfig,.wpe,.rev,.iso,.vdm,.rbk,.id
.wbk,.epw,.emd,.pgi,,.mxm,.rli,.cxf,,.eddx,,.sdc,.plsc,.dm_84,.hsc,,.svc,.mdimporter,,.chg,.vcomps,.jac,.z02,.adf,.jic,.pdb,.svn-work
.odm,.bld,.esps,.tvs,,.e57,.oc5,.pfv,,.fey,,.dbx,.cyw,.xpd,.123dx,,.master,.agmodule,,.schemas,.rps,.ksd,.z03,.sopt,.vbg,.nbf,.uls
.stw,.vdx,.sd,.bdmv,,.fxt,.oci,.fh3,,.rap,,.db.crypt,.hpf,.psv,.ewd,,.wgp,.xcodeplugin,,.ipod,.bcp,.hid,.z04,.lnx,.dob,.acr,.lck
.1st,.vxml,.sd,.clpi,,.facefx_ingame,.oc3,.fh4,,.fpe,,.edb,.dmc,.nltrack,.li3d,,.fmp,.dvtplugin,,.rc1,.ipynb,.hid2,.lemon,.cue,.dox,.sdc,.nk2
.mw,.xdb,.f32,.mpls,,.animset,.oc4,.fh5,,.adf,,.ns2,.osx,.ncf,.lizd,,.jspa,.ideplugin,,.rc2,.dsf,.sef,.a00,.xa,.frx,.bpb,.nick
.wp7,.jdb,.f64,.ogx,,.a3d,.tbn,,,.tds,,.db2,.lo,.pwf,.prt,,.hdml,.xcplugin,,.vx_,.tvtemplate,.wls,.a01,.c2d,.cls,.bpm,.ipsw
.err,.sca,.f2r,.bmk,,.wft,.acorn,,,.pm5,,.fm5,.ham,.pxp,.icd,,.stm,.cst,,.ppm,.wme,,.a02,.cd,.vbz,.psa,.esd
.act,.esx,.f3r,.dmss,,.hxn,.accountpicture-ms,,,.pm6,,.fp3,.prg,.omod,.ic3d,,.rw3,.rpln,,.scap,.oms,,.tlzma,.edq,.pm,.mpb,.tbs
.gpn,.xlt,.cws,.vsp,,.ds,.hdrp,,,.qxt,,.fp4,.ba_,.wtf,.bpm,,.stp,.assetproj,,.automaticdestinations-ms,.propdesc,,.cb7,.xmf,.rnc,.mig,.bootskin
.tlb,.kismac,.fsm,.xfl,,.fxs,.dmi,,,.cal,,.fmp,.eham,.h3m,.bpmc,,.dml,.fwaction,,.mod,.ewprj,,.mou,.bdf,.rbp,.as4,.bup
.tpc,.qif,.fzf,.3p2,,.fxm,.ora,,,.sma,,.mdn,.ore,.gb,.rsg,,.htc,.iadplug,,.chk,.twc,,.r0,.aa,.lbs,.spf,.xwf
.aty,.zap,.fzv,.rms,,.mpj,.sai,,,.pm4,,.fcd,.s2a,.fs2,.eld,,.cfml,.iadclass,,.sdt,.vtpr,,.r1,.dcf,.df1,.spi,.clr
.epp,.rodz,.gig,.mpl,,.dsa,.oplc,,,.enc,,.fol,.exe1,.mrs,.epf,,.page,.iadcomponent,,.dfu,.motn,,.r2,.2mg,.au3,.ck9,.ltf
.emlx,.twh,.g721,.mve,,.dsb,.vrphoto,,,.ildoc,,.v12,.acc,.fsm,.catdrawing,,.widget,.iadpage,,.73u,.np4,,.oar,.nfi,.gameproj,.sav,.afploc
.pfx,.shw,.g723,.mvp,,.dsi,.vpe,,,.zdl,,.mdbhtml,.caction,.fssave,.sch,,.prf,.iadaction,,.ntfs,.mobirise,,.r30,.ufs,.snippet,.pbb,.zm1
.fds,.sgml,.g726,.tpd,,.mqo,.pza,,,.hcr,,.xld,,.h4r,.sym,,.itms,.iadstyle,,.cpq,.spp,,.txz,.dvdr,.ptl,.pvc,.zm2
.sdm,.ivt,.sxt,.jts,,.pmd,.pzs,,,.zfx,,.rctd,,.ll,.modfem,,.itpc,.afzplug,,.ime,.eftx,,.tar.xz,.g41,.sc,.sim,.zm3
.scc,.pxf,.sc2,.mpgindex,,.vpd,.ozb,,,.lbl,,,,.zmap,.3w,,.ptw,.fpi,,.nbh,.cos,,.xz,.wil,.sud,.bk1,.aif
.prt,.xlc,.iti,.dv-avi,,.aoi,.pano,,,.sbv,,,,.ngage,.logicly,,.jst,.tgp,,.fx,.alx,,.arh,.bwz,.sup,.sbb,.dlm
.dgs,.oft,.k26,.rmp,,.3dmk,.lzp,,,.pff,,,,.sdt,.bimx,,.xbl,.fb2k-component,,.ifw,.costyle,,.pack.gz,.wii,.csi,.ate,.njb
.asc,.kth,.krz,.seq,,.3dp,.avb,,,.npp,,,,.rpl,.mp13,,.mapx,.m3p,,.sb,.oem,,.epi,.vc6,.caf,.ati,.vfs
.scm,.box,.ksf,.vpj,,.lp,.lb,,,.fxm,,,,.tbm,.ms13,,.ssp,.ext,,.tdz,.userprofile,,.uzip,.vc8,.omo,.mv_,.msu
.vnt,.cdf,.mte,.f4p,,.mud,.rvg,,,.cpy,,,,.wbt,.eprt,,.seam,.8bc,,.ks,.vcpref,,.ufs.uzip,.imd,.s19,.jdc,.ac$
.nwctxt,.cdx,.mti,.dzt,,.bio,.vrimg,,,.inct,,,,.utc,.mmg,,.p7,.8be,,.uce,.trx,,.r21,.ibdat,.bb,.__a,.xmp
.run,.lmx,.mtp,.cmproj,,.w3d,.sprite2,,,.indp,,,,.rfm,.sza,,.wn,.fxt,,.trx_dll,.bau,,.oz,.ibadr,.gm6,.bak~,.add
.pvm,.mdx,.okt,.cmrec,,.j3o,.miff,,,.pwt,,,,.swc,.smg,,.xss,.q1q,,.bud,.camp,,.pax,,.lds,.pbf,.ahd
.pvj,.mtw,.sou,.vcpf,,.igm,.bpg,,,.q3c,,,,.lvl,.2d,,.cpg,.q2q,,.3fs,.iip,,.dz,,.oca,.vpcbackup,.ahi
.tvj,.inx,.ckb,.cmmtpl,,.pigm,.wbp,,,.rfd,,,,.lrf,.des,,.wbxml,.q4q,,.internetconnect,.skn,,.srep,,.dec,.bif,.alt
.tm,.nitf,.cwb,.cmmp,,.igs,.sig,,,.wlp,,,,.mgx,.sew,,.uhtml,.q5r,,.networkconnect,.lcc,,.sbx,,.xaml,.bifx,.aod
.ort,.egp,.psm,.aetx,,.pigs,.piskel,,,.idpk,,,,.mgx,.mvs,,.wpx,.q7q,,.mui_cccd5ae0,.ddf,,.sy_,,.agi,.sbs,.khd
.pmo,.tbl,.rbs,.aaf,,.cg3,.sid,,,.incd,,,,.mgl,.cel,,.rwtheme,.q8r,,.timer,.grd,,.gz2,,.tpu,.blend2,.khi
.jnp,.tcc,.rol,.nuv,,.chr,.sgd,,,.pex,,,,.jg4,.fpp,,.webarchivexml,.q9r,,.xfb,.iss,,.tar.gz2,,.fxl,.bmk,.ob!
.tmd,.sub,.rti,.gfp,,.cga,.pyxel,,,.rptr,,,,.sv5,.cnc,,.jss,.q9s,,.mbn,.exe4j,,.c10,,.mod,.qv~,.zml
.cod,.mno,.s3i,.mvy,,.chrparams,.lip,,,.cedprj,,,,.svs,.qpm,,.ccbjs,.qpx,,.cap,.mcl,,.paq8l,,.bs2,.fhf,.psi
.awt,.otp,.conform,.cst,,.fsq,.ptex,,,.fdt,,,,.brres,.pwd,,.wbs,.sa9,,.spx,.sbv,,.tx_,,.pl,.prv,.tstream
.sxg,.pmo,.sbi,.stl,,.fpj,.cid,,,.fdd,,,,.bme,.gsm,,.cphd,.blu,,.8cu,.qtp,,.ize,,.acd,.rgmb,.dap
.smf,.rte,.sds,.scc,,.fxl,.aseprite,,,.frf,,,,.sd7,.bmf,,.fwtemplateb,.pfl,,.208,.mof,,.trs,,.wiq,.fzb,.rnd
.pwdp,.jrxml,.sppack,.screenflow,,.aof,.afphoto,,,.mcsx,,,,.blasterball3savedgame,.tcx,,.sass,.t3x,,.hcd,.spf,,.cdz,,.plc,.fza,.rnd
.pwdpl,.zmc,.snd,.ppj,,.atl,.mdp,,,.oxps,,,,.kwreplay,.cmp,,.qbx,.mat,,.fl1,.qss,,.fp8,,.ymp,.inprogress,.arr
.xbplate,.qpb,.stm,.prtl,,.gmf,.gp4,,,.xtp,,,,.fcs,.vnd,,.tpl,.so-abi,,.im4p,.p2m,,.agg,,.sas,.tmr,.vmg
.ndoc,.er1,.stx,.jtv,,.3dw,.kpg,,,.bpf,,,,.md3,.adt,,.sparkle,.tko,,.cannedsearch,.lvf,,.snb,,.lgo,.bkup,.acs
.wpt,.pdx,.syh,.dpa,,.dmc,.y,,,.cvw,,,,.rgssad,.job,,.php4,.addon,,.ftf,.lva,,.p19,,.rbc,.73b,.sr0
.awp,.scd,.syw,.dvr,,.hlsl,.mac,,,.cl2doc,,,,.hum,.att,,.moz,.arpack,,.customdestinations-ms,.pmp,,.p01,,.fsproj,.pba,.lyr
.brx,.txf,.td0,.tsp,,.f3d,.jas,,,.cl2tpl,,,,.ff,.afs,,.cdf,.exv,,.devicemetadata-ms,.pc3,,.zsplit,,.ssc,.pbxscript,.ssd
.uof,.ptn,.yookoo,.rmd,,.vso,.lbm,,,.cl2lyt,,,,.fst,.drg,,.map,,,.mmv,.cpx,,.comppkg_hauptwerk_rar,,.dgsl,.rmbak,.sslf
.tmv,.ova,.ult,.rsx,,.cso,.jtf,,,.lpdf,,,,.sad,.psf,,.php5,,,.firm,.pmj,,.bundle,,.ads,.icf,.dal
.apt,.slk,.uni,.dmsd,,.thl,.fax,,,.totalslayout,,,,.z4,.pss,,.jvs,,,.cmo,.gxt,,.xzm,,.targets,.wspak,.idlk
.session,.stykz,.uwf,.dmsd3d,,.atf,.jfif,,,.drmx,,,,.usa,.unt,,.phtm,,,.sin,.gin,,.fzpz,,.fgl,.~cw,.dstudio
.skcard,.npl,.vmd,.photoshow,,.ccb,.jpe,,,.antmpl,,,,.zds,.dsg,,.cms,,,.trashes,.ait,,.fzbz,,.d,.vbm,.kyr
.hbk,.pxl,.w01,.xej,,.irrmesh,.cals,,,.adb,,,,.dm_82,.eqn,,.stl,,,.pro,.bks,,.wlb,,.ui,.caa,.sth
.chart,.aam,.wfb,.xel,,.irr,.rgb,,,.dtl,,,,.dm_83,.mp7,,.csp,,,.thumbnails,.rll,,.jsonlz4,,.kdevprj,.bak,.ttx
.min,.lix,.wfd,.xesc,,.ol,.vda,,,.lst,,,,.lgp,.mp9,,.vlp,,,.dvd,.fd,,.wa,,.ino,.qualsoftcode,.skba
.emf,.lsf,.wfp,.ismc,,.tvm,.vst,,,.lsc,,,,.umod,.ms9,,.sdb,,,.its,.ft,,.waff,,.kdevelop,.nrbak,.jqz
.eit,.ev,.wow,.xlmv,,.album,.mic,,,.lld,,,,.ut2mod,.ms7,,.hdm,,,.pid,.nji,,.snappy,,.slogo,.nwbak,.mdf
.nwm,.tet,.obw,.mvp,,.makerbot,.bmf,,,.lma,,,,.sprite,.mp10,,.stml,,,.prt,.xcu,,.tar.lz,,.ctl,.bak2,.jmt
.ngloss,.q09,.pandora,.vep,,.thing,.jbig,,,.imm,,,,.rvproj,.topprj,,.dochtml,,,.str,.rfq,,.nz,,.ged,.bak3,.mwf
.sam,.rfa,.zvd,.mse,,.pro,.jfi,,,.blk,,,,.far,.circuit,,.docmhtml,,,.wpx,.mask,,.stproj,,.fpm,.gb2,.temp
.pwr,.gno,.ove,.usm,,.primitives_processed,.j2k,,,.sublime-snippet,,,,.wtd,.3dc,,.dothtml,,,.grl,.settingcontent-ms,,.tar.z,,.vgc,.pqb,.jms
.fadein.template,.grv,.nwc,.amc,,.p5d,.ufo,,,.mvtx,,,,.mp2s,.bdc,,.ppthtml,,,.qvm,.itt,,.sfg,,.wixlib,.pqb-backup,.aria2
.trelby,.inp,.ntn,.dcr,,.gltf,.pnt,,,.oo3template,,,,.age3ysav,.vet,,.pptmhtml,,,.386,.exportedui,,.lhzd,,.bluej,.ibk,.lxa
.dxb,.wnk,.sfk,.dcr,,.glb,.pwp,,,.clkbd,,,,.age3xsav,.iba,,.mvr,,,.ruf,.wcz,,.sbx,,.gs3,.adi,.ssw
.dxp,.ftw,.wpk,.mk3d,,.fuse,.sfw,,,.cadoc,,,,.twt,.npl,,.compressed,,,.dyc,.pkg,,.r04,,.groovy,.csd,.aawdef
.bml,.oo3,.wwu,.bdt3,,.mesh,.odi,,,.el4,,,,.egm,.upf,,.bwp,,,.dlx,.officeui,,.xip,,.vhd,.csm,.psw
.gmd,.phb,.wproj,.ircp,,.iges,.oti,,,.rpc,,,,.esg,.dc1,,.vrt,,,.dthumb,.qat,,.b6z,,.tds,.nda,.logonvista
.se,.anme,.vqf,.siv,,.wrl,.sgi,,,.comic,,,,.ztd,.ifczip,,.php2,,,.bk1,.acv,,.zi_,,.fbp,.j01,.logonxp
.dropbox,.ixb,.wv,.cine,,.wrz,.shg,,,.gsp,,,,.pqhero,.ifcxml,,,,,.bk2,.asp,,.vfs,,.suo,.abu,.plsk
.pdpcmd,.mth,.wvc,.arcut,,.3dmf,.ink,,,.studio,,,,.pkg,.fzz,,,,,.ps1,.odc,,.npk,,.idb,.wx,.exp
.apkg,.obj,.nrt,.plproj,,.x3d,.vic,,,.spl,,,,.npa,.123c,,,,,.fid,.udcx,,.pvmz,,.pb,.pfi,.tls
.fgs,.aft,.narrative,.rcd,,.si,.viff,,,.booktemplate,,,,.xs,.dc2,,,,,.hsh,.ikmp,,.wux,,.bet,.w01,.tip
.opeico,.dcf,.bap,.rvl,,.rds,.xbm,,,.hwdt,,,,.nsbmd,.dbq,,,,,.000,.mnu,,.opk,,.vc,.dss,.file
.jtd,.opx,.vpw,.ezt,,.pat,.xwd,,,.bmml,,,,.nsbtx,.olb,,,,,.ps2,.mns,,.ctx,,.mf,.bookexport,.wwd
.tmvx,.jasper,.shn,.smi,,.3d4,.tub,,,.av,,,,.nsbca,.svd,,,,,.chs,.cuix,,.ctz,,.4db,.zbfx,.fw
.note,.wgt,.u,.pac,,.br3,.jif,,,.chai,,,,.cgz,.red,,,,,.jpn,.dvtcolortheme,,.spm,,.pyw,.safenotebackup,.abr
._docx,.wgt,.gsf,.890,,.act,.icn,,,.chait,,,,.dsg,.ezp,,,,,.kor,.pjs,,.f3z,,.t,.noy,.rem
._doc,.adx,.bdd,.cip,,.3dv,.ica,,,.inlx,,,,.rbxm,.tsf,,,,,.tha,.mds,,.hpkg,,.tu,.abu1,.mpcpl
.602,.dii,.usf,.jss,,.geo,.jbf,,,.uxf,,,,.prk,.isoz,,,,,.cht,.wc,,.zst,,.tur,.bak,.unknown
.now,.emlxpart,.usflib,.dmx,,.fp3,.pfr,,,.fp,,,,.vfs0,.pcs,,,,,.lfs,.pro5template,,.tzst,,.swd,.gs-bck,.icontainer
.faq,.tef,.miniusf,.sedprj,,.mtx,.msk,,,.flo,,,,.ns1,.gxm,,,,,.pit,.a7p,,.daf,,.b,.bps,.vpc6
.latex,.xmlper,.sfl,.usf,,.mtz,.ilbm,,,.mwl,,,,.ut3,.gxh,,,,,.me,.pdadj,,.spl,,.apa,.bac,.apf
.upd,.ctf,.vag,.ttxt,,.asat,.pc3,,,.dra,,,,.mwl,.rra,,,,,.rs,.cps,,.s09,,.hbs,.dov,.crc
.wp6,.ptb,.mka,.aec,,.mnm,.pm,,,.gofin,,,,.ukx,.lyr,,,,,.dimax,.cptm,,.mbz,,.mer,.win,.vbt
.ipf,.idx,.rsn,.thp,,.m3d,.ivr,,,.jsd,,,,.uvx,.lyc,,,,,.atahd,.settings,,.prs,,.iws,.$$$,.slf
.etx,.lgh,.qcp,.ced,,.rft,.jpf,,,.flw,,,,.scworld,.cf2,,,,,.ioplist,.ruleset,,.p7z,,.xt,.cbk,.rtc
.euc,.xpt,.gp5,.avv,,.grn,.cal,,,.pdg,,,,.rbxl,.ewb,,,,,.adv,.rct,,.yz,,.swc,.113,.loov
.wn,.rte,.h5b,.mani,,.s,.otb,,,.ind,,,,.rpgproject,.sch,,,,,.flg,.deft,,.zap,,.magik,.nrs,.rfp
.man,.wb2,.omg,.mxv,,.truck,.wi,,,.mbbk,,,,.h5u,.brd,,,,,.qky,.props,,.ari,,.po,.win,.rfn
.odif,.lsl,.nsa,.y4m,,.par,.ais,,,.vfc,,,,.rbxmx,.tsc,,,,,.rvp,.vsprops,,.ain,,.pot,.bk1,.mc2
.ltr,.mmp,.pna,.rvid,,.pkg,.sun,,,.ch3,,,,.soepsx,.min,,,,,.cm0013,.vssettings,,.ha,,.am6,.wbb,.lock
.rad,.mmp,.pla,.ftc,,.prc,.icon,,,.tp3,,,,.mas,.exb,,,,,.ta,.skin,,.hpk,,.am7,.bkp,.lay
.iil,.imt,.nmsv,.bmc,,.xv0,.wdp,,,.xzfx,,,,.wz,.dru,,,,,,.nps,,.hyp,,.am4,.mbw,.inca
.lyt,.tkfl,.mpga,.kdenlive,,.obz,.ptx,,,.pdp,,,,.ecw,.uld,,,,,,.oss,,.ish,,.am5,.cmf,.icma
.thp,.aby,.odm,.avchd,,.v3o,.ptx,,,.mars,,,,.u8,.cib,,,,,,.aom,,.000,,.sma,.wpb,.ezw
.ascii,.fro,.aup,.hdv,,.p3m,.rsr,,,.jtx,,,,.68k,.ltl,,,,,,.rdw,,.pit,,.csi,.diy,.sbc
.jp1,.emb,.vyf,.lrv,,.p3r,.pix,,,.jtx,,,,.bsa,.min,,,,,,.acb,,.car,,.xib,.mbk,.bqy
.hwp,.ppsm,.rmj,.gcs,,.vmd,.pap,,,.inp,,,,.nca,.msm,,,,,,.btsearch,,.shk,,.prg,.bbz,.dcover
.dx,.potx,.rex,.sdv,,.lps,.int,,,.pdw,,,,.bls,.mod,,,,,,.s2ml,,.uc2,,.ple,.tmp,.xlw
.wpl,.potm,.vc3,.vbc,,.bto,.fil,,,.pde,,,,.phn,.fzb,,,,,,.aip,,.wot,,.myapp,.yrcbck,.enc
.xy,.topc,.cidb,.tvshow,,.obp,.gro,,,.pdh,,,,.pod,.l3b,,,,,,.rproj,,.md,,.cd,.ba6,.mnl
.saf,.xft,.a2m,.tvlayer,,.tps,.aic,,,.pdz,,,,.smzip,.nc1,,,,,,.psp,,.xez,,.vssscc,.ba7,.mbs
.xwp,.fdb,.r1m,.fpdx,,.bsk,.kic,,,.pdwr,,,,.forge,.mp12,,,,,,.tvc,,.j,,.vspscc,.ba8,.cbds
.xwp,.np,.lwv,.trec,,.tri,.jpd,,,.pder,,,,.m2,.ms12,,,,,,.pctl,,.pim,,.mo,,.1
.zw,.npt,.pcg,.mproj,,.d3d,.cpd,,,.pdr,,,,.uasset,.geo,,,,,,.onetoc2,,.spt,,.gmo,,.contour
.save,.styk,.rso,.gifv,,.brg,.gpd,,,.infopathxml,,,,.acf,.bsw,,,,,,.flw,,.bzip2,,.licx,,.wordlist
.lue,.hda,.xspf,.eyetv,,.dbs,.ric,,,.dmtemplate,,,,.sfc,.bswx,,,,,,.ncfg,,.tg,,.licenses,,.mjdoc
.wpd,.clm,.mts,.ffm,,.xmm,.awd,,,.pdfxml,,,,.puz,.jvsgz,,,,,,.chx,,.ark,,.mfa,,.rwlibrary
.openbsd,.hyv,.omx,.imoviemobile,,.cas,.pni,,,.isallic,,,,.ngp,.wdf,,,,,,.dsd,,.zpi,,.ccn,,.dwlibrary
.me,.stp,.ots,.evo,,.a8s,.ct,,,.gdocx,,,,.sga,.gcode,,,,,,.atc,,.jar.pack,,.r,,.mgdatabase
.wsd,.wea,.adg,.vtt,,.dsi,.wbd,,,.pds,,,,.duc,.rcv,,,,,,.cmate,,.zl,,.wdl,,.mgo
.rft,.wpc,.gpk,.xml,,.3dc,.apm,,,,,,,.fomod,.drw,,,,,,.pgp,,.zi,,.mom,,.wje
.dox,.rfo,.hbe,.sec,,.csf,.dcx,,,,,,,.cdp,.cam,,,,,,.xtp,,.bza,,.owl,,.pvk
.fft,.pd4,.dts,.wxp,,.xsf,.ncr,,,,,,,.cdp2,.cad,,,,,,.dcl,,.gza,,.pl1,,.cul
.vw,.ab3,.aob,.wsve,,.xaf,.pp4,,,,,,,.ut4mod,.mto,,,,,,.xms,,.yz1,,.pli,,.appdownload
.wpw,.sq,.ply,.wfsp,,.rad,.wvl,,,,,,,.ydc,.xnc,,,,,,.fmp,,.kz,,.hpf,,.inlk
.odo,.sqd,.oma,.cpvc,,.vs,.jwl,,,,,,,.ct,.fcstd1,,,,,,.dok,,.paq8f,,.v12.suo,,.ass
.prt,.bin,.ses,.sbz,,.mesh,.djv,,,,,,,.bnk,.adi,,,,,,.aco,,.paq8p,,.xap,,.info
.jrtf,.bk,.mgv,.rcut,,.ts1,.cpx,,,,,,,.gr2,.fcd,,,,,,.act,,.sqz,,.c,,.fmelic
.wtx,.mbx,.xmu,.gxf,,.prm,.8xi,,,,,,,.sgb,.cmp,,,,,,.pdp,,.ecsbx,,.mxml,,.search-ms
.sdoc,.rnq,.mo3,.rcrec,,.vac,.sld,,,,,,,.spb,.if,,,,,,.ahu,,,,.nxc,,.pad
.docz,.mdl,.vpl,.g2m,,.gmt,.pp5,,,,,,,.zs0,.tak,,,,,,.alv,,,,.bdsproj,,.msrcincident
.fwdn,.sds,.pk,.vr,,.tmd,.rsb,,,,,,,.zs1,.mdl,,,,,,.fvp,,,,.nfm,,.slupkg-ms
.dsc,.ink,.la,.n3r,,.ddd,.sva,,,,,,,.zs2,.psu,,,,,,.ftp,,,,.fbz7,,.p7r
.docxml,.tfa,.aax,.wvm,,.vox,.nct,,,,,,,.zs3,.opt,,,,,,.wif,,,,.rodl,,.p10
.jarvis,.gs,.peak,.g64x,,.msh,.sumo,,,,,,,.zs4,.pm3,,,,,,.dar,,,,.artproj,,.swp
.dca,.mdc,.fsb,.moov,,.gmmod,.riff,,,,,,,.zs5,.3dl,,,,,,.axt,,,,.dbo,,.nfs
.mcw,.otln,.oga,.qt,,.3dc,.frm,,,,,,,.zs6,.ezc,,,,,,.blw,,,,.ph,,.mobileprovision
.joe,.bcm,.abm,.ivf,,.animset_ingame,.gmbck,,,,,,,.zs7,.cff,,,,,,.policy,,,,.pxd,,.bbl
.dfti,.spub,.xrns,.vid,,.stc,.cdc,,,,,,,.zs8,.dvg,,,,,,.dr5,,,,.capx,,.ost
.plain,.trd,.amf,.rts,,.csd,.cimg,,,,,,,.zs9,.bpz,,,,,,.irs,,,,.sb,,.ifl
,.ckt,.sfz,.movie,,.kfm,.t2b,,,,,,,.sdz,.fzm,,,,,,.gps,,,,.wpw,,.cas
,.net,.fsc,.mpe,,.dse,.pixela,,,,,,,.gsc,.mp8,,,,,,.nvp,,,,.storyboard,,.snt
,.mmap,.flm,.3mm,,.dso,.brt,,,,,,,.radq,.lia,,,,,,.pr,,,,.alb,,.3dc
,.mws,.mmlp,.byu,,.dsd,.wbm,,,,,,,.osr,.drw,,,,,,.cpdx,,,,.asi,,.cvr
,.sqr,.vip,.flx,,.dsv,.dc2,,,,,,,.fps,,,,,,,.vlt,,,,.r,,.fb!
,.mdf,.ptt,.mvc,,.dbm,.ddt,,,,,,,.fpg,,,,,,,.emm,,,,.scriptsuite,,.ndl
,.sta,.bun,.m1v,,.dbc,.pjpg,,,,,,,.am1,,,,,,,.dcst,,,,.pwn,,.dtapart
,.fsc,.psf,.vfw,,.dbl,.ljp,,,,,,,.vob,,,,,,,.flst,,,,.clips,,.key
,.mbg,.ssm,.lsx,,.vmo,.aps,,,,,,,.map,,,,,,,.moti,,,,.rss,,.aepkey
,.mbg,.jspf,.m4u,,.nsbta,.dicom,,,,,,,.nl2script,,,,,,,.motr,,,,.w,,._eml
,.mai,.kt3,.rp,,.tmo,.icpr,,,,,,,.xp3,,,,,,,.otpu,,,,.aab,,.mailtoloc
,.mnc,.song,.spl,,.c3z,.gfie,,,,,,,.dl,,,,,,,.aia,,,,.resjson,,.tec
,.lbl,.3ga,.wm,,.ktz,.ysp,,,,,,,.z2f,,,,,,,.jdf,,,,.entitlements,,.map
,.rgo,.exs,.qtch,,.n2,.sprite,,,,,,,.rep,,,,,,,.scribe,,,,.ctp,,.avgdx
,.flo,.mmm,.smv,,.ik,.sfc,,,,,,,.xom,,,,,,,.psc1,,,,.wdw,,.zvpl
,.mls,.cpt,.60d,,.cal,.scn,,,,,,,.xds,,,,,,,.qxw,,,,.fxcproj,,.auz
,.tpf,.dtshd,.box,,.n3d,.brn,,,,,,,.ddt,,,,,,,.fth,,,,.ism,,.vncloc
,.igc,.agm,.gvp,,.dfs,.pfi,,,,,,,.arp,,,,,,,.asw,,,,.pika,,.wtc
,.rdb,.m5p,.sfd,,.fcp,.73i,,,,,,,.fl,,,,,,,.conf,,,,.ist,,.xslic
,.iif,.rax,.dif,,.sm,.tfc,,,,,,,.gmres,,,,,,,.copreset,,,,.ipr,,.ppk
,.sar,.nkc,.str,,.tgo,.jpg2,,,,,,,.world,,,,,,,.icursorfx,,,,.hal,,.rsa
,.fo,.msmpl_bank,.playlist,,.glm,.bmx,,,,,,,.kodu,,,,,,,.arg,,,,.rise,,.rpmsg
,.huh,.vpm,.w32,,.pro,.bti,,,,,,,.aao,,,,,,,.ffx,,,,.nls,,.swj
,.hcu,.hca,.dmb,,.igi,.bmz,,,,,,,.esp,,,,,,,.lrtemplate,,,,.dba,,.z80
,.hcc,.cts,.scn,,.s3g,.pxicon,,,,,,,.bmz,,,,,,,.vmcx,,,,.cdf,,.mar
,.snapfireshow,.xa,.avs,,.primitives,.skypeemoticonset,,,,,,,.ntrk,,,,,,,.ht,,,,.msha,,.feedback
,.tst,.mscz,.par,,.visual_processed,.rcu,,,,,,,.bar,,,,,,,.brg,,,,.mshi,,.spk
,.btm,.drg,.av,,.bld,.wpe,,,,,,,.game,,,,,,,.kds,,,,.ss,,.rat
,.itl,.apl,.mp2v,,.p4d,.wpb,,,,,,,.world,,,,,,,.prfpset,,,,.svn-base,,.mta
,.odx,.sdat,.pva,,.vert,.rri,,,,,,,.fcm,,,,,,,.pxb,,,,.msp,,.td
,.isf,.sseq,.m2a,,.pgal,.gmspr,,,,,,,.vdf,,,,,,,.cpg,,,,.jsfl,,.req
,.lgi,.cfa,.mp4v,,.c3d,.sbp,,,,,,,.ttarch,,,,,,,.a2theme,,,,.ccp,,.letter
,.abcd,.frg,.mjpg,,.v3v,.tm2,,,,,,,.bin,,,,,,,.rad,,,,.kpl,,.tnsp
,.lp7,.slx,.modd,,.sis,.dgt,,,,,,,.toc,,,,,,,.profile,,,,.gld,,.enf
,.kpr,.mpdp,.vem,,.r3d,.ipick,,,,,,,.001,,,,,,,.avs,,,,.csp,,.appup
,.kap,.cdda,.dav,,.fbm,.cpbitmap,,,,,,,.frz,,,,,,,.ehi,,,,.erl,,.zzz
,.qrp,.voxal,.sbt,,.blk,.ggr,,,,,,,.cbh,,,,,,,.vimrc,,,,.mv,,.dwn
,.exp,.f4a,.meta,,.sbsar,.9.png,,,,,,,.vmv,,,,,,,.vim,,,,.cfc,,.tmb
,.nrl,.acd-bak,.iva,,.cms,.ozj,,,,,,,.dmb,,,,,,,.duck,,,,.smali,,.yps
,.ddc,.hsb,.ddat,,.wow,.ozt,,,,,,,.osk,,,,,,,.sgt,,,,.csx,,.calibre
,.ddcx,.wve,.moff,,.msh,.uga,,,,,,,.whirld,,,,,,,.tpf,,,,.fsscript,,.bt!
,.xlf,.groove,.vcr,,.mgf,.pts,,,,,,,.qc,,,,,,,.csaplan,,,,.fsi,,.z1
,.bci,.vap,.dnc,,.nff,.rgf,,,,,,,.dun,,,,,,,.xui,,,,.xcdatamodeld,,.acb
,.fop,.syn,.bs4,,.ray,.lrpreview,,,,,,,.vmv,,,,,,,.xur,,,,.dbproj,,.otf
,.fox,.ovw,.pvr,,.tddd,.svm,,,,,,,.hps,,,,,,,.spfx,,,,.vdp,,.ybk
,.dam,.sap,.sml,,.yaodl,.bmq,,,,,,,.blackhawkstriker2,,,,,,,.cmp,,,,.vcp,,.eyb
,.das,.scs11,.avd,,.ydl,.wb0,,,,,,,.honmod,,,,,,,.smt,,,,.lsproj,,.dek
,.flp,.rip,.mys,,.xof,.tsr,,,,,,,.g3x,,,,,,,.prm,,,,.cxx,,.wcm
,.kid,.gpbank,.dlx,,.3d,.8ca,,,,,,,.dat_new,,,,,,,.wve,,,,.tli,,.chunk001
,.dm2,.tta,.qtm,,.3d2,.8ci,,,,,,,.3ds,,,,,,,.uct,,,,.tlh,,.mat
,.gc,.tg,.3gpp2,,.mesh,.c4,,,,,,,.s2z,,,,,,,.pio,,,,.hxx,,.mag
,.pdas,.dra,.fbr,,.vrl,.nol,,,,,,,.bookwormdeluxesavedgame,,,,,,,.rcf,,,,.inl,,.cbt
,.vok,.pek,.dv4,,.m3d,.vicar,,,,,,,.ztmp,,,,,,,.vmxf,,,,.idl,,.isn
,.ulz,.kfn,.osp,,.tme,.bw,,,,,,,.ldw,,,,,,,.xvm,,,,.asm,,.snm
,.opx,.ac3,.264,,.3don,.rtl,,,,,,,.rvdata2,,,,,,,.mxskin,,,,.xoml,,.doc#
,.upoi,.adts,.dmsm3d,,.rig,.targa,,,,,,,.maplet,,,,,,,.cex,,,,.rdlc,,.kmr
,.jef,.adt,.pssd,,.anim,.dic,,,,,,,.raw,,,,,,,.pref,,,,.resources,,.radiumkey2
,.crtx,.gbs,.aet,,.pkg,.ugoira,,,,,,,.fgd,,,,,,,.tsi,,,,.vsmacros,,.otc
,.lcm,.mxmf,.vse,,.sgn,.pnc,,,,,,,.tiger,,,,,,,.ath,,,,.vsmproj,,.sxm
,.pds,.bidule,.vs4,,.ums,.cmr,,,,,,,.umd,,,,,,,.zon,,,,.vsmdi,,.lrs
,.csa,.w64,.mpsub,,.mu,.flif,,,,,,,.sid,,,,,,,.sed,,,,.testsettings,,.tnef
,.swk,.igp,.bnp,,.nm,.zvi,,,,,,,.gfx,,,,,,,.sqd,,,,.addin,,.rov
,.ebuild,.tak,.pns,,.glf,.heif,,,,,,,.narc,,,,,,,.ens,,,,.testrunconfig,,.g3a
,.pkb,.pkf,.lrec,,.visual,.upf,,,,,,,.cpn,,,,,,,.enz,,,,.tt,,.fnlf
,.pks,.asd,.k3g,,,.jpg-large,,,,,,,.ted,,,,,,,.vps,,,,.dbml,,.vmdk-converttmp
,.pkh,.alc,.h264,,,.texture,,,,,,,.bus,,,,,,,.vqc,,,,.edmx,,.lid
,.txd,.mbr,.wot,,,.ase,,,,,,,.ovh,,,,,,,.adpp,,,,.ncb,,.nvi
,.i5z,.zpl,.vft,,,.mdp,,,,,,,.sli,,,,,,,.gtkrc,,,,.bsc,,.frz
,.hl,.sgp,.video,,,.zif,,,,,,,.sav,,,,,,,.drp,,,,.xamlx,,.iml
,.exx,.mtf,.irf,,,.kra,,,,,,,.bmd,,,,,,,.mal,,,,.ccgame,,.qwq
,.fob,.nkx,.bdt2,,,.insp,,,,,,,.pk4,,,,,,,.isp,,,,.refresh,,.opf
,.ulf,.nks,.camv,,,.qif,,,,,,,.papa,,,,,,,.cdt,,,,.appx,,.crd
,.wjr,.nkm,.mvex,,,.kdk,,,,,,,.fuk,,,,,,,.bcs,,,,.appxupload,,.sf
,.ndk,.nkb,.mpl,,,.gfb,,,,,,,.unityproj,,,,,,,.cnf,,,,.abc,,.pvm
,.itx,.ncw,.bvr,,,.j,,,,,,,.rvproj2,,,,,,,.vue,,,,.rpy,,.mif
,.cvd,.wfm,.qtindex,,,.fal,,,,,,,.menu,,,,,,,.vph,,,,.vsz,,.gpg
,.mmc,.cgrp,.avc,,,.kfx,,,,,,,.bns,,,,,,,.snx,,,,.ml,,.stmb
,.pcb,.rgrp,.cx3,,,.mcs,,,,,,,.z3,,,,,,,.sz,,,,.pde,,.sidn
,.sen,.svd,.ffd,,,.acr,,,,,,,.xnb,,,,,,,.skn,,,,.exw,,.xpr
,.zdc,.ds2,.ktn,,,.cam,,,,,,,.blz,,,,,,,.pen,,,,.pri,,.w
,.livereg,.nml,.xmv,,,.ce,,,,,,,.litemod,,,,,,,.zon,,,,.i,,.ntf
,.prj,.ust,.yog,,,.cut,,,,,,,.sgpbprj,,,,,,,.exp,,,,.csn,,.sc
,.cap,.sfpack,.jmv,,,.pal,,,,,,,.gbaskin,,,,,,,.bcp,,,,.edml,,.shortcut
,.vcd,.isma,.f4f,,,.fac,,,,,,,.gma,,,,,,,.fnc,,,,.dmd,,.trace
,.xem,.mdc,.mp4.infovid,,,.face,,,,,,,.blorb,,,,,,,.cgr,,,,.ssi,,.pid
,.tb,.wpp,.awlive,,,.fbm,,,,,,,.gbcskin,,,,,,,.prs,,,,.vtml,,.efl
,.grk,.stap,.pro4dvd,,,.gry,,,,,,,.scs,,,,,,,.iaf,,,,.vtv,,.mb
,.grr,.sty,.pro5dvd,,,.hrf,,,,,,,.wld,,,,,,,.skin,,,,.nqc,,.t$m
,.gwk,.mus,.proqc,,,.imj,,,,,,,.plr,,,,,,,.theme,,,,.sltng,,.dwc
,.ofc,.vlc,.inp,,,.icb,,,,,,,.acww,,,,,,,.gtp,,,,.fxpl,,.rtm
,.rsc,.vmo,.int,,,.mrb,,,,,,,.nar,,,,,,,.dinfo,,,,.jcp,,.wdseml
,.bgl,.mx5,.tdt,,,.001,,,,,,,.age3rec,,,,,,,.dicproof,,,,.msl,,.adi
,.slp,.cdo,.tid,,,.u,,,,,,,.mii,,,,,,,.material,,,,.brx,,.aoi
,.sle,.caff,.clk,,,.v,,,,,,,.age3xrec,,,,,,,.jkm,,,,.nk,,.nup
,.ttk,.logic,.bu,,,.adc,,,,,,,.age3yrec,,,,,,,.mst,,,,.src.rpm,,.ctf
,.4dv,.myr,.sfera,,,.spiff,,,,,,,.spc,,,,,,,.dxp,,,,.asvf,,.wzmul
,.cna,.mux,.lvix,,,.trif,,,,,,,.inform,,,,,,,.iit,,,,.pbxbtree,,.lsn
,.one,.mpu,.vix,,,.urt,,,,,,,.jap,,,,,,,.gvimrc,,,,.deviceids,,.zm9
,.myi,.itls,.tvrecording,,,.kodak,,,,,,,.e2gm,,,,,,,.xst,,,,.ctxt,,.psf
,.qmbl,.efe,.anx,,,.ddb,,,,,,,.ydk,,,,,,,.zpi,,,,.v,,.ftil
,.seo,.pvc,.axv,,,.mip,,,,,,,.gpf,,,,,,,.xpl,,,,.scc,,.bnd
,.gedcom,.saf,.vmlt,,,.jiff,,,,,,,.sg0,,,,,,,.typeit4me,,,,.ipr,,.rsa
,.acc,.vmf,.vmlf,,,.arr,,,,,,,.smrailroadssavedgame,,,,,,,.abs,,,,.fxml,,.jrs
,.bgt,.opus,.theater,,,.hr,,,,,,,.pkx,,,,,,,.gps,,,,.p3d,,.dskin
,.vi,.svx,.imovielibrary,,,.ic1,,,,,,,.jmf,,,,,,,.boot,,,,.lucidsnippet,,.sst
,.dsy,.ptcop,.exo,,,.ic2,,,,,,,.ups,,,,,,,.xdr,,,,.wxl,,.mcfi
,.dsz,.669,.fcarch,,,.ic3,,,,,,,.sc2data,,,,,,,.phb,,,,.wdgt,,.mcfp
,.mdm,.psf2,.g64,,,.neo,,,,,,,.sc2archive,,,,,,,.ix,,,,.wxi,,.ppi
,.rod,.msv,.cmv,,,.pac,,,,,,,.galaxy,,,,,,,.t3d,,,,.wxs,,.sha1
,.rcg,.ssnd,.mpg4,,,.pc1,,,,,,,.wdb,,,,,,,.fbt,,,,.lisp,,.gsp
,.bjo,.sseq,.wgi,,,.pc2,,,,,,,.wam,,,,,,,.fat,,,,.ypr,,.xxx
,.dvdproj,.smp,.san,,,.pi1,,,,,,,.dazip,,,,,,,.mpdconf,,,,.uml,,.box
,.abp,.toc,.flic,,,.pi2,,,,,,,.sc2ma,,,,,,,.rnx,,,,.wixobj,,.rft
,.dwi,.dmc,.nfv,,,.pi3,,,,,,,.player,,,,,,,.seestyle,,,,.aps,,.rfc
,.aifb,.sns,.f4m,,,.pi4,,,,,,,.world,,,,,,,.bitsboard,,,,.y,,.rfb
,.t05,.ovw,.crec,,,.pi5,,,,,,,.bps,,,,,,,.env,,,,.l,,.slb
,.t06,.all,.aegraphic,,,.pi6,,,,,,,.sc2bank,,,,,,,.flt,,,,.wixout,,.mcf
,.t07,.ins,.aecap,,,.pm3,,,,,,,.z5,,,,,,,.wps,,,,.wixpdb,,.edc
,.hst,.its,.jdr,,,.rix,,,,,,,.jst,,,,,,,.cst,,,,.wixmsp,,.cos2
,.poi,.kmp,.jnr,,,.scg,,,,,,,.sc4lot,,,,,,,.cfg,,,,.wixmst,,.unl
,.ptf,.ksc,.psv,,,.sci,,,,,,,.sc4desc,,,,,,,.fth,,,,.nvv,,.shv
,.ldif,.mt2,.pz,,,.scp,,,,,,,.mcserver,,,,,,,.xlb,,,,.nbc,,.dtf
,.prs,.aimppl,.dad,,,.scu,,,,,,,.age3scn,,,,,,,.theme,,,,.as2proj,,.dwl
,.ald,.ckf,.movie,,,.spc,,,,,,,.gdg,,,,,,,.qpx,,,,.xquery,,.wjf
,.pd5,.pac,.exp,,,.spu,,,,,,,.playmission,,,,,,,.scacfg,,,,.xql,,.mbb
,.ali,.pbf,.ave,,,.tn1,,,,,,,.clip,,,,,,,.scpcfg,,,,.ltb,,.cfs
,.xpg,.prg,.tsv,,,.tn2,,,,,,,.plr,,,,,,,.elm,,,,.xqm,,.sc2locale
,.cvn,.phy,.ser,,,.tn3,,,,,,,.ac,,,,,,,.perfmoncfg,,,,.ned,,.ssc
,.fhc,.raw,.av3,,,.tny,,,,,,,.sgm,,,,,,,.resmoncfg,,,,.patch,,.cvf
,.paf,.bwg,.avr,,,.suniff,,,,,,,.save,,,,,,,.psy,,,,.lxsproj,,.god
,.mosaic,.rts,.cme,,,.taac,,,,,,,.escape,,,,,,,.mcw,,,,.arsc,,.dat
,.vce,.snd,.hevc,,,.vff,,,,,,,.bo2,,,,,,,.ctbodyfitting,,,,.dsgm,,.err
,.dockzip,.vmf,.blz,,,.blz,,,,,,,.mae,,,,,,,.wzconfig,,,,.tns,,.vmf_autosave
,.tdt,.dff,.bik2,,,.sar,,,,,,,.pak,,,,,,,.joy,,,,.ilk,,.indk
,.sdp,.l,.insv,,,.sim,,,,,,,.bfs,,,,,,,.ask,,,,.tmproj,,.smrd
,.tpb,.xmf,.vsh,,,.hf,,,,,,,.3dsx,,,,,,,.kbd,,,,.pkgundef,,.smwt
,.rbt,.sample,.ravi,,,.pic,,,,,,,.dif,,,,,,,.acw,,,,.bbproject,,.gta
,.kpx,.spx,.rts,,,.sff,,,,,,,.sgf,,,,,,,.vmpl,,,,.textfactory,,.hyp
,.kpp,.xa,.gvi,,,.pov,,,,,,,.rttex,,,,,,,.wlvs,,,,.cvsrc,,.aml
,.ip,.imp,.gl,,,.smp,,,,,,,.sta,,,,,,,.pml,,,,.tmlanguage,,.da2
,.gtp,.mscx,.grasp,,,.wmp,,,,,,,.rgd,,,,,,,.tts,,,,.cbp,,.bmk
,.q08,.sbg,.lsf,,,.vna,,,,,,,.rvdata,,,,,,,.lxsopt,,,,.workspace,,.crashed
,.vrd,.kpl,.ivs,,,.wic,,,,,,,.course,,,,,,,.acb,,,,.clw,,.na2
,.vsx,.hdp,.m4e,,,.8pbs,,,,,,,.bfg,,,,,,,.tmtheme,,,,.ipch,,.info
,.vtx,.h0,.viv,,,.sr,,,,,,,.mcpack,,,,,,,.qvt,,,,.sbproj,,.rmf
,.lvm,.sng,.vivo,,,.rgb,,,,,,,.carc,,,,,,,.qvpp,,,,.sb3,,.adadownload
,.tdm,.ppc,.mpv2,,,.grob,,,,,,,.wu8,,,,,,,.pxg,,,,.idt,,.xensearch
,.rpp,.ppcx,.bix,,,.ste,,,,,,,.adt,,,,,,,.aiu,,,,.cu,,.qds
,.pka,.sdt,.cvc,,,.albm,,,,,,,.esm,,,,,,,.all,,,,.tld,,.bps
,.pkt,.s3z,.mvb,,,.arw,,,,,,,.wowsreplay,,,,,,,.ave,,,,.wsp,,.ncw
,.grade,.rvx,.ssm,,,.artwork,,,,,,,.fos,,,,,,,.dxls,,,,.vm,,.plf
,.plw,.sd2f,.msh,,,.img,,,,,,,.dec,,,,,,,.cfg,,,,.forth,,.blf
,.ond,.nvf,.scm,,,.411,,,,,,,.pbn,,,,,,,.storyisttheme,,,,.pcp,,.fnd
,.blb,.rcy,.dsy,,,.brk,,,,,,,.gms,,,,,,,.awcav,,,,.xpp,,.rml
,.vmt,.expressionmap,.mpg2,,,.tpi,,,,,,,.lip,,,,,,,.papers,,,,.4th,,.tcr
,.hml,.rbs,.mpf,,,.pntg,,,,,,,.ltx,,,,,,,.mxs,,,,.autoplay,,.merlinlicense
,.dvo,.jam,.mmv,,,.pix,,,,,,,.dmo,,,,,,,.msw,,,,.sym,,.ezlog
,.pdb,.ay,.mpeg4,,,.met,,,,,,,.esp,,,,,,,.pal,,,,.nsi,,._nws
,.fil,.vgm,.vp3,,,.tb0,,,,,,,.dv2,,,,,,,.cyberduckprofile,,,,.nsh,,.cl
,.dal,.vgz,.m15,,,.jbmp,,,,,,,.dek,,,,,,,.cyberducklicense,,,,.diff,,.mailplanelicense
,.lix,.vtx,.m75,,,.fpg,,,,,,,.dek,,,,,,,.spj,,,,.xojo_binary_project,,.ext
,.mox,.ds,.sec,,,.pop,,,,,,,.blp,,,,,,,.stt,,,,.gch,,.decrypt
,.ggb,.gbproj,.rmd,,,.pjpeg,,,,,,,.sii,,,,,,,.tlo,,,,.mcp,,.hdk
,.xrp,.xsp,.787,,,.usertile-ms,,,,,,,.schematic,,,,,,,.csplan,,,,.gitattributes,,.bkmk
,.gan,.psy,.tdx,,,.sob,,,,,,,.img,,,,,,,.ikf,,,,.haml,,.qua
,.wtb,.b4s,.anim,,,.ptk,,,,,,,.wad,,,,,,,.startupinfo,,,,.nw,,.mwlic
,.mex,.acp,.mob,,,.sep,,,,,,,.ain,,,,,,,.cfg,,,,.psc,,.mxn
,.l6t,.sfs,.pmv,,,.rs,,,,,,,.ess,,,,,,,.lyt,,,,.xojo_menu,,.rxc
,.tcx,.mogg,.cel,,,.g3,,,,,,,.scm,,,,,,,.vbx6settings,,,,.rav,,.manifest
,.idx,.aria,.am,,,.ivue,,,,,,,.smd,,,,,,,.npfx,,,,.xcarchive,,.licensekey
,.bdic,.ariax,.vdx,,,.drz,,,,,,,.ldb,,,,,,,.upf,,,,.xcsnapshots,,.mzz
,.jph,.wtpl,.rmv,,,.rcl,,,,,,,.ndr,,,,,,,.cpr,,,,.mrt,,.ical
,.phm,.wtpt,.gom,,,.mbm,,,,,,,.qvm,,,,,,,.tpark,,,,.wdgtproj,,.icalendar
,.ffwp,.igr,.pjs,,,.nlm,,,,,,,.rpy,,,,,,,.nkp,,,,.xcworkspace,,.pamp
,.dcm,.tak,.aqt,,,.iphotoproject,,,,,,,.wl6,,,,,,,.ksf,,,,.octest,,.event
,.dcmd,.ofr,.psb,,,.jbg,,,,,,,.wmo,,,,,,,.cpf,,,,.pbk,,.vmhf
,.dbd,.vb,.ssf,,,.rgba,,,,,,,.n-gage,,,,,,,.obt,,,,.pbg,,.vmhr
,.pod,.iaa,.zeg,,,.stex,,,,,,,.ifp,,,,,,,.ftpquota,,,,.xojo_xml_project,,.ybd
,.vcs,.adv,.nut,,,,,,,,,,.rot,,,,,,,.gcsx,,,,.dba,,.erl
,.gbr,.npl,.mpeg1,,,,,,,,,,.lgl,,,,,,,.gqsx,,,,.dbpro,,.ef2
,.drl,.rta,.kmv,,,,,,,,,,.epk,,,,,,,.mmdc,,,,.ppc,,.raskinlicense
,.rou,.sfap0,.ismclip,,,,,,,,,,.sgb,,,,,,,.ssl2,,,,.yaml,,.sum
,.brw,.ab,.orv,,,,,,,,,,.pegn,,,,,,,.ssl,,,,.xcconfig,,.req
,.ral,.vdj,.db2,,,,,,,,,,.ddb,,,,,,,.frames,,,,.iwb,,.sidb
,.lms,.pho,.mpeg2,,,,,,,,,,.bdae,,,,,,,.raskinplace,,,,.iconset,,.sidd
,.itm,.brstm,.mjpeg,,,,,,,,,,.lod,,,,,,,.work,,,,.w32,,.tpkey
,.ppf,.lof,.mt2s,,,,,,,,,,.wpm,,,,,,,.sch,,,,.ftn,,.pekey
,.xmcd,.zpa,.avm,,,,,,,,,,.c4k,,,,,,,.bin,,,,.gm81,,.spd
,.kpf,.minipsf,.v264,,,,,,,,,,.erp,,,,,,,.prf,,,,.rc2,,.az!
,.kpz,.pno,.fvt,,,,,,,,,,.dmo,,,,,,,.zpf,,,,.v11.suo,,.bli
,.tra,.psf1,,,,,,,,,,,.lip,,,,,,,.dsx,,,,.resw,,.dmx-info
,.trs,.avastsounds,,,,,,,,,,,.rpf,,,,,,,.lrsmcol,,,,.pri,,.disabled
,.te3,.mx5template,,,,,,,,,,,.grf,,,,,,,.rwstyle,,,,.aia,,.hxa
,.celtx,.mx4,,,,,,,,,,,.fpop,,,,,,,.terminal,,,,.vsp,,.hxc
,.dfproj,.mx3,,,,,,,,,,,.grp,,,,,,,.dun,,,,.vsps,,.hxe
,.ret,.mui,,,,,,,,,,,.pj,,,,,,,.otz,,,,.vspx,,.hxk
